f0_,station,f1_,f2_
2020-01-06,BBCNEWS,4,Facemask
2020-01-24,BBCNEWS,24,Facemask
2020-01-24,CNN,18,Facemask
2020-01-25,BBCNEWS,1,Facemask
2020-01-31,KNTV,1,Facemask
2020-02-01,KNTV,1,Facemask
2020-02-01,CNN,26,Facemask
2020-02-02,CNN,66,Facemask
2020-02-02,BBCNEWS,20,Facemask
2020-02-06,FOXNEWS,2,Facemask
2020-02-08,CNN,307,Facemask
2020-02-10,CNN,137,Facemask
2020-02-11,KNTV,1,Facemask
2020-02-14,KGO,2,Facemask
2020-02-15,FOXNEWS,19,Facemask
2020-02-20,BBCNEWS,21,Facemask
2020-02-21,BBCNEWS,30,Facemask
2020-02-26,FOXNEWS,27,Facemask
2020-02-26,BBCNEWS,11,Facemask
2020-02-27,FOXNEWS,70,Facemask
2020-02-27,CNN,15,Facemask
2020-02-27,BBCNEWS,13,Facemask
2020-02-28,FOXNEWS,7,Facemask
2020-02-28,CNN,38,Facemask
2020-02-29,FOXNEWS,14,Facemask
2020-02-29,KNTV,111,Facemask
2020-02-29,MSNBC,10,Facemask
2020-02-29,CNN,9,Facemask
2020-03-01,MSNBC,63,Facemask
2020-03-01,FOXNEWS,67,Facemask
2020-03-01,CNN,19,Facemask
2020-03-01,KNTV,3,Facemask
2020-03-02,FOXNEWS,15,Facemask
2020-03-02,MSNBC,10,Facemask
2020-03-02,CNN,359,Facemask
2020-03-03,BBCNEWS,94,Facemask
2020-03-05,BBCNEWS,33,Facemask
2020-03-06,MSNBC,8,Facemask
2020-03-06,KNTV,5,Facemask
2020-03-06,KPIX,5,Facemask
2020-03-06,CNN,54,Facemask
2020-03-06,FOXNEWS,33,Facemask
2020-03-07,CNN,50,Facemask
2020-03-08,KPIX,5,Facemask
2020-03-08,KNTV,2,Facemask
2020-03-08,CNN,50,Facemask
2020-03-08,FOXNEWS,20,Facemask
2020-03-09,BBCNEWS,98,Facemask
2020-03-09,FOXNEWS,22,Facemask
2020-03-10,CNN,54,Facemask
2020-03-10,MSNBC,39,Facemask
2020-03-10,BBCNEWS,18,Facemask
2020-03-11,CNN,13,Facemask
2020-03-12,BBCNEWS,99,Facemask
2020-03-12,KPIX,6,Facemask
2020-03-13,CNN,2,Facemask
2020-03-13,BBCNEWS,12,Facemask
2020-03-13,MSNBC,25,Facemask
2020-03-14,CNN,31,Facemask
2020-03-14,FOXNEWS,198,Facemask
2020-03-14,BBCNEWS,13,Facemask
2020-03-15,CNN,3,Facemask
2020-03-15,FOXNEWS,128,Facemask
2020-03-15,KPIX,4,Facemask
2020-03-16,BBCNEWS,4,Facemask
2020-03-17,CNN,7,Facemask
2020-03-17,FOXNEWS,2,Facemask
2020-03-18,MSNBC,79,Facemask
2020-03-18,FOXNEWS,16,Facemask
2020-03-19,MSNBC,175,Facemask
2020-03-19,FOXNEWS,7,Facemask
2020-03-20,KNTV,1,Facemask
2020-03-20,BBCNEWS,4,Facemask
2020-03-20,MSNBC,957,Facemask
2020-03-20,CNN,55,Facemask
2020-03-21,FOXNEWS,61,Facemask
2020-03-21,BBCNEWS,28,Facemask
2020-03-21,MSNBC,54,Facemask
2020-03-22,KNTV,71,Facemask
2020-03-22,FOXNEWS,87,Facemask
2020-03-22,MSNBC,19,Facemask
2020-03-22,BBCNEWS,95,Facemask
2020-03-22,CNN,5,Facemask
2020-03-22,KGO,3,Facemask
2020-03-23,MSNBC,459,Facemask
2020-03-23,BBCNEWS,40,Facemask
2020-03-23,CNN,31,Facemask
2020-03-24,FOXNEWS,40,Facemask
2020-03-24,MSNBC,37,Facemask
2020-03-24,CNN,27,Facemask
2020-03-24,BBCNEWS,88,Facemask
2020-03-25,MSNBC,14,Facemask
2020-03-25,FOXNEWS,6,Facemask
2020-03-26,CNN,614,Facemask
2020-03-26,BBCNEWS,50,Facemask
2020-03-26,FOXNEWS,8,Facemask
2020-03-27,FOXNEWS,264,Facemask
2020-03-27,BBCNEWS,12,Facemask
2020-03-27,MSNBC,51,Facemask
2020-03-27,CNN,110,Facemask
2020-03-27,KPIX,2,Facemask
2020-03-28,FOXNEWS,188,Facemask
2020-03-28,BBCNEWS,77,Facemask
2020-03-28,CNN,34,Facemask
2020-03-28,MSNBC,58,Facemask
2020-03-29,CNN,124,Facemask
2020-03-29,FOXNEWS,72,Facemask
2020-03-29,MSNBC,232,Facemask
2020-03-29,KGO,2,Facemask
2020-03-30,CNN,624,Facemask
2020-03-30,KGO,12,Facemask
2020-03-30,BBCNEWS,3,Facemask
2020-03-30,FOXNEWS,79,Facemask
2020-03-31,FOXNEWS,302,Facemask
2020-03-31,KGO,6,Facemask
2020-03-31,MSNBC,19,Facemask
2020-03-31,CNN,38,Facemask
2020-04-01,CNN,123,Facemask
2020-04-01,FOXNEWS,276,Facemask
2020-04-01,MSNBC,127,Facemask
2020-04-01,BBCNEWS,134,Facemask
2020-04-02,MSNBC,372,Facemask
2020-04-02,BBCNEWS,425,Facemask
2020-04-02,FOXNEWS,55,Facemask
2020-04-02,CNN,83,Facemask
2020-04-03,BBCNEWS,1125,Facemask
2020-04-03,CNN,1061,Facemask
2020-04-03,KPIX,93,Facemask
2020-04-03,FOXNEWS,490,Facemask
2020-04-03,KGO,2,Facemask
2020-04-03,MSNBC,70,Facemask
2020-04-04,CNN,2544,Facemask
2020-04-04,BBCNEWS,720,Facemask
2020-04-04,FOXNEWS,2406,Facemask
2020-04-04,KPIX,96,Facemask
2020-04-04,MSNBC,795,Facemask
2020-04-05,MSNBC,125,Facemask
2020-04-05,CNN,265,Facemask
2020-04-05,KNTV,137,Facemask
2020-04-05,BBCNEWS,43,Facemask
2020-04-05,FOXNEWS,372,Facemask
2020-04-05,KGO,27,Facemask
2020-04-06,BBCNEWS,270,Facemask
2020-04-06,MSNBC,211,Facemask
2020-04-06,FOXNEWS,467,Facemask
2020-04-06,CNN,86,Facemask
2020-04-06,KGO,2,Facemask
2020-04-07,FOXNEWS,117,Facemask
2020-04-07,CNN,129,Facemask
2020-04-07,MSNBC,56,Facemask
2020-04-08,BBCNEWS,90,Facemask
2020-04-08,FOXNEWS,606,Facemask
2020-04-08,CNN,113,Facemask
2020-04-08,MSNBC,31,Facemask
2020-04-09,KGO,4,Facemask
2020-04-09,MSNBC,93,Facemask
2020-04-09,CNN,515,Facemask
2020-04-09,FOXNEWS,469,Facemask
2020-04-10,BBCNEWS,532,Facemask
2020-04-10,CNN,125,Facemask
2020-04-10,FOXNEWS,49,Facemask
2020-04-10,KPIX,1,Facemask
2020-04-10,MSNBC,2,Facemask
2020-04-10,KGO,1,Facemask
2020-04-11,BBCNEWS,12,Facemask
2020-04-11,KPIX,1,Facemask
2020-04-11,CNN,75,Facemask
2020-04-11,FOXNEWS,65,Facemask
2020-04-11,MSNBC,4,Facemask
2020-04-12,MSNBC,49,Facemask
2020-04-12,CNN,231,Facemask
2020-04-12,FOXNEWS,6,Facemask
2020-04-13,KPIX,1,Facemask
2020-04-13,FOXNEWS,81,Facemask
2020-04-13,CNN,54,Facemask
2020-04-13,MSNBC,23,Facemask
2020-04-13,BBCNEWS,346,Facemask
2020-04-14,BBCNEWS,148,Facemask
2020-04-14,MSNBC,34,Facemask
2020-04-14,FOXNEWS,6,Facemask
2020-04-15,MSNBC,30,Facemask
2020-04-15,BBCNEWS,22,Facemask
2020-04-16,CNN,357,Facemask
2020-04-16,FOXNEWS,189,Facemask
2020-04-16,MSNBC,41,Facemask
2020-04-16,BBCNEWS,15,Facemask
2020-04-17,CNN,1,Facemask
2020-04-17,FOXNEWS,52,Facemask
2020-04-17,BBCNEWS,1860,Facemask
2020-04-17,KGO,4,Facemask
2020-04-17,KNTV,4,Facemask
2020-04-18,CNN,586,Facemask
2020-04-18,MSNBC,101,Facemask
2020-04-18,FOXNEWS,119,Facemask
2020-04-18,KPIX,4,Facemask
2020-04-18,BBCNEWS,6,Facemask
2020-04-19,BBCNEWS,63,Facemask
2020-04-19,MSNBC,300,Facemask
2020-04-19,CNN,48,Facemask
2020-04-19,KGO,11,Facemask
2020-04-20,FOXNEWS,5,Facemask
2020-04-20,BBCNEWS,13,Facemask
2020-04-20,MSNBC,26,Facemask
2020-04-21,BBCNEWS,1273,Facemask
2020-04-21,FOXNEWS,57,Facemask
2020-04-22,MSNBC,205,Facemask
2020-04-22,BBCNEWS,97,Facemask
2020-04-22,FOXNEWS,13,Facemask
2020-04-22,CNN,350,Facemask
2020-04-23,CNN,14,Facemask
2020-04-23,BBCNEWS,2646,Facemask
2020-04-23,MSNBC,2,Facemask
2020-04-24,CNN,61,Facemask
2020-04-24,FOXNEWS,3,Facemask
2020-04-24,BBCNEWS,3,Facemask
2020-04-25,FOXNEWS,90,Facemask
2020-04-25,BBCNEWS,115,Facemask
2020-04-25,MSNBC,8,Facemask
2020-04-25,CNN,35,Facemask
2020-04-26,FOXNEWS,172,Facemask
2020-04-26,BBCNEWS,46,Facemask
2020-04-26,CNN,30,Facemask
2020-04-27,FOXNEWS,57,Facemask
2020-04-27,BBCNEWS,45,Facemask
2020-04-27,CNN,89,Facemask
2020-04-28,MSNBC,40,Facemask
2020-04-28,BBCNEWS,100,Facemask
2020-04-28,FOXNEWS,62,Facemask
2020-04-28,CNN,179,Facemask
2020-04-29,MSNBC,124,Facemask
2020-04-29,FOXNEWS,84,Facemask
2020-04-29,CNN,455,Facemask
2020-04-29,BBCNEWS,72,Facemask
2020-04-30,CNN,1,Facemask
2020-04-30,FOXNEWS,737,Facemask
2020-04-30,MSNBC,127,Facemask
2020-04-30,BBCNEWS,100,Facemask
2020-04-30,KGO,10,Facemask
2020-05-01,CNN,234,Facemask
2020-05-01,FOXNEWS,431,Facemask
2020-05-01,BBCNEWS,141,Facemask
2020-05-01,MSNBC,18,Facemask
2020-05-01,KNTV,5,Facemask
2020-05-02,CNN,468,Facemask
2020-05-02,BBCNEWS,902,Facemask
2020-05-02,MSNBC,3,Facemask
2020-05-02,FOXNEWS,21,Facemask
2020-05-03,MSNBC,286,Facemask
2020-05-03,BBCNEWS,17,Facemask
2020-05-03,FOXNEWS,309,Facemask
2020-05-03,CNN,545,Facemask
2020-05-03,KGO,5,Facemask
2020-05-04,CNN,311,Facemask
2020-05-04,KGO,53,Facemask
2020-05-04,FOXNEWS,386,Facemask
2020-05-04,MSNBC,69,Facemask
2020-05-05,MSNBC,40,Facemask
2020-05-05,BBCNEWS,38,Facemask
2020-05-05,KPIX,4,Facemask
2020-05-05,CNN,39,Facemask
2020-05-05,FOXNEWS,200,Facemask
2020-05-06,CNN,335,Facemask
2020-05-06,BBCNEWS,12,Facemask
2020-05-06,MSNBC,281,Facemask
2020-05-06,FOXNEWS,131,Facemask
2020-05-07,CNN,80,Facemask
2020-05-07,KNTV,4,Facemask
2020-05-07,FOXNEWS,94,Facemask
2020-05-07,MSNBC,160,Facemask
2020-05-08,CNN,319,Facemask
2020-05-08,MSNBC,97,Facemask
2020-05-08,BBCNEWS,16,Facemask
2020-05-08,KNTV,1,Facemask
2020-05-08,FOXNEWS,160,Facemask
2020-05-09,CNN,244,Facemask
2020-05-09,MSNBC,52,Facemask
2020-05-09,FOXNEWS,6,Facemask
2020-05-10,BBCNEWS,3,Facemask
2020-05-10,MSNBC,202,Facemask
2020-05-10,KNTV,151,Facemask
2020-05-10,FOXNEWS,2,Facemask
2020-05-10,CNN,125,Facemask
2020-05-11,MSNBC,90,Facemask
2020-05-11,BBCNEWS,87,Facemask
2020-05-11,FOXNEWS,173,Facemask
2020-05-11,CNN,116,Facemask
2020-05-12,MSNBC,493,Facemask
2020-05-12,CNN,563,Facemask
2020-05-12,BBCNEWS,125,Facemask
2020-05-12,FOXNEWS,11,Facemask
2020-05-13,FOXNEWS,109,Facemask
2020-05-13,MSNBC,26,Facemask
2020-05-13,KNTV,4,Facemask
2020-05-13,CNN,206,Facemask
2020-05-14,BBCNEWS,30,Facemask
2020-05-14,CNN,180,Facemask
2020-05-14,FOXNEWS,103,Facemask
2020-05-14,KNTV,2,Facemask
2020-05-14,MSNBC,67,Facemask
2020-05-15,MSNBC,20,Facemask
2020-05-15,CNN,75,Facemask
2020-05-15,FOXNEWS,77,Facemask
2020-05-16,FOXNEWS,152,Facemask
2020-05-16,CNN,170,Facemask
2020-05-16,MSNBC,11,Facemask
2020-05-17,BBCNEWS,32,Facemask
2020-05-17,FOXNEWS,64,Facemask
2020-05-17,KPIX,1,Facemask
2020-05-17,MSNBC,83,Facemask
2020-05-17,CNN,4,Facemask
2020-05-18,MSNBC,30,Facemask
2020-05-18,FOXNEWS,32,Facemask
2020-05-18,BBCNEWS,2,Facemask
2020-05-18,CNN,156,Facemask
2020-05-19,BBCNEWS,25,Facemask
2020-05-19,MSNBC,97,Facemask
2020-05-19,CNN,18,Facemask
2020-05-19,FOXNEWS,34,Facemask
2020-05-20,KPIX,5,Facemask
2020-05-20,MSNBC,50,Facemask
2020-05-20,FOXNEWS,45,Facemask
2020-05-20,CNN,121,Facemask
2020-05-21,BBCNEWS,11,Facemask
2020-05-21,MSNBC,91,Facemask
2020-05-21,CNN,172,Facemask
2020-05-21,FOXNEWS,26,Facemask
2020-05-21,KPIX,1,Facemask
2020-05-22,FOXNEWS,4,Facemask
2020-05-22,KGO,1,Facemask
2020-05-22,CNN,361,Facemask
2020-05-22,BBCNEWS,119,Facemask
2020-05-22,MSNBC,10,Facemask
2020-05-23,CNN,474,Facemask
2020-05-23,MSNBC,661,Facemask
2020-05-23,FOXNEWS,100,Facemask
2020-05-23,BBCNEWS,11,Facemask
2020-05-24,KGO,2,Facemask
2020-05-24,MSNBC,17,Facemask
2020-05-24,CNN,261,Facemask
2020-05-24,FOXNEWS,186,Facemask
2020-05-24,BBCNEWS,8,Facemask
2020-05-25,BBCNEWS,2,Facemask
2020-05-25,FOXNEWS,117,Facemask
2020-05-25,MSNBC,40,Facemask
2020-05-25,CNN,168,Facemask
2020-05-26,CNN,257,Facemask
2020-05-26,MSNBC,701,Facemask
2020-05-26,FOXNEWS,226,Facemask
2020-05-27,BBCNEWS,2,Facemask
2020-05-27,FOXNEWS,96,Facemask
2020-05-27,MSNBC,446,Facemask
2020-05-27,KPIX,41,Facemask
2020-05-27,CNN,439,Facemask
2020-05-27,KNTV,15,Facemask
2020-05-28,FOXNEWS,33,Facemask
2020-05-28,KNTV,2,Facemask
2020-05-28,MSNBC,86,Facemask
2020-05-28,CNN,105,Facemask
2020-05-29,KNTV,48,Facemask
2020-05-29,FOXNEWS,33,Facemask
2020-05-29,CNN,35,Facemask
2020-05-29,MSNBC,15,Facemask
2020-05-30,FOXNEWS,23,Facemask
2020-05-30,MSNBC,2,Facemask
2020-05-30,CNN,60,Facemask
2020-05-31,FOXNEWS,47,Facemask
2020-05-31,BBCNEWS,22,Facemask
2020-05-31,MSNBC,8,Facemask
2020-05-31,CNN,11,Facemask
2020-06-01,MSNBC,11,Facemask
2020-06-01,CNN,4,Facemask
2020-06-01,BBCNEWS,272,Facemask
2020-06-01,FOXNEWS,73,Facemask
2020-06-02,BBCNEWS,70,Facemask
2020-06-02,MSNBC,19,Facemask
2020-06-02,FOXNEWS,52,Facemask
2020-06-02,CNN,21,Facemask
2020-06-03,FOXNEWS,57,Facemask
2020-06-03,MSNBC,19,Facemask
2020-06-03,KNTV,6,Facemask
2020-06-03,CNN,38,Facemask
2020-06-04,CNN,23,Facemask
2020-06-04,MSNBC,2,Facemask
2020-06-04,FOXNEWS,56,Facemask
2020-06-04,BBCNEWS,161,Facemask
2020-06-04,KPIX,10,Facemask
2020-06-05,BBCNEWS,340,Facemask
2020-06-05,CNN,28,Facemask
2020-06-05,MSNBC,14,Facemask
2020-06-05,KGO,2,Facemask
2020-06-05,FOXNEWS,31,Facemask
2020-06-06,MSNBC,91,Facemask
2020-06-06,BBCNEWS,2551,Facemask
2020-06-06,CNN,14,Facemask
2020-06-06,FOXNEWS,66,Facemask
2020-06-07,BBCNEWS,2249,Facemask
2020-06-07,FOXNEWS,72,Facemask
2020-06-07,CNN,11,Facemask
2020-06-07,MSNBC,16,Facemask
2020-06-08,KGO,4,Facemask
2020-06-08,BBCNEWS,37,Facemask
2020-06-08,CNN,85,Facemask
2020-06-08,MSNBC,5,Facemask
2020-06-08,FOXNEWS,9,Facemask
2020-06-09,FOXNEWS,24,Facemask
2020-06-09,MSNBC,133,Facemask
2020-06-09,CNN,33,Facemask
2020-06-09,KPIX,2,Facemask
2020-06-10,MSNBC,50,Facemask
2020-06-10,FOXNEWS,10,Facemask
2020-06-10,CNN,42,Facemask
2020-06-10,KGO,2,Facemask
2020-06-11,CNN,41,Facemask
2020-06-11,MSNBC,72,Facemask
2020-06-11,FOXNEWS,20,Facemask
2020-06-12,FOXNEWS,30,Facemask
2020-06-12,CNN,249,Facemask
2020-06-12,MSNBC,41,Facemask
2020-06-12,BBCNEWS,1,Facemask
2020-06-13,FOXNEWS,18,Facemask
2020-06-13,CNN,54,Facemask
2020-06-13,MSNBC,365,Facemask
2020-06-14,MSNBC,13,Facemask
2020-06-14,CNN,11,Facemask
2020-06-14,FOXNEWS,25,Facemask
2020-06-15,CNN,700,Facemask
2020-06-15,BBCNEWS,981,Facemask
2020-06-15,FOXNEWS,14,Facemask
2020-06-15,MSNBC,28,Facemask
2020-06-16,CNN,496,Facemask
2020-06-16,MSNBC,72,Facemask
2020-06-16,BBCNEWS,36,Facemask
2020-06-16,KPIX,1,Facemask
2020-06-16,FOXNEWS,89,Facemask
2020-06-17,KNTV,7,Facemask
2020-06-17,KPIX,2,Facemask
2020-06-17,MSNBC,432,Facemask
2020-06-17,FOXNEWS,110,Facemask
2020-06-17,CNN,216,Facemask
2020-06-18,KPIX,24,Facemask
2020-06-18,BBCNEWS,9,Facemask
2020-06-18,CNN,194,Facemask
2020-06-18,FOXNEWS,39,Facemask
2020-06-18,MSNBC,138,Facemask
2020-06-19,KPIX,1,Facemask
2020-06-19,FOXNEWS,97,Facemask
2020-06-19,BBCNEWS,57,Facemask
2020-06-19,CNN,271,Facemask
2020-06-19,MSNBC,418,Facemask
2020-06-20,KPIX,28,Facemask
2020-06-20,BBCNEWS,8,Facemask
2020-06-20,CNN,68,Facemask
2020-06-20,FOXNEWS,53,Facemask
2020-06-20,MSNBC,232,Facemask
2020-06-21,KPIX,5,Facemask
2020-06-21,FOXNEWS,93,Facemask
2020-06-21,MSNBC,61,Facemask
2020-06-21,BBCNEWS,2,Facemask
2020-06-21,CNN,17,Facemask
2020-06-22,MSNBC,42,Facemask
2020-06-22,BBCNEWS,5,Facemask
2020-06-22,CNN,41,Facemask
2020-06-22,FOXNEWS,51,Facemask
2020-06-22,KNTV,109,Facemask
2020-06-23,CNN,177,Facemask
2020-06-23,FOXNEWS,31,Facemask
2020-06-23,MSNBC,284,Facemask
2020-06-23,BBCNEWS,88,Facemask
2020-06-24,CNN,183,Facemask
2020-06-24,FOXNEWS,82,Facemask
2020-06-24,MSNBC,89,Facemask
2020-06-24,KNTV,2,Facemask
2020-06-24,BBCNEWS,157,Facemask
2020-06-25,BBCNEWS,4,Facemask
2020-06-25,KNTV,2,Facemask
2020-06-25,MSNBC,134,Facemask
2020-06-25,FOXNEWS,29,Facemask
2020-06-25,CNN,271,Facemask
2020-06-26,CNN,1132,Facemask
2020-06-26,KPIX,64,Facemask
2020-06-26,FOXNEWS,224,Facemask
2020-06-26,MSNBC,94,Facemask
2020-06-27,CNN,379,Facemask
2020-06-27,BBCNEWS,33,Facemask
2020-06-27,FOXNEWS,591,Facemask
2020-06-27,MSNBC,100,Facemask
2020-06-28,FOXNEWS,55,Facemask
2020-06-28,KGO,1,Facemask
2020-06-28,CNN,103,Facemask
2020-06-28,MSNBC,3,Facemask
2020-06-28,BBCNEWS,1,Facemask
2020-06-29,KGO,1,Facemask
2020-06-29,BBCNEWS,64,Facemask
2020-06-29,MSNBC,46,Facemask
2020-06-29,CNN,467,Facemask
2020-06-29,FOXNEWS,430,Facemask
2020-06-29,KPIX,4,Facemask
2020-06-30,MSNBC,299,Facemask
2020-06-30,FOXNEWS,166,Facemask
2020-06-30,BBCNEWS,18,Facemask
2020-06-30,CNN,524,Facemask
2020-07-01,MSNBC,206,Facemask
2020-07-01,FOXNEWS,51,Facemask
2020-07-01,BBCNEWS,4,Facemask
2020-07-01,KGO,3,Facemask
2020-07-01,CNN,85,Facemask
2020-07-02,MSNBC,386,Facemask
2020-07-02,FOXNEWS,121,Facemask
2020-07-02,BBCNEWS,5,Facemask
2020-07-02,KGO,4,Facemask
2020-07-02,CNN,213,Facemask
2020-07-02,KPIX,22,Facemask
2020-07-02,KNTV,11,Facemask
2020-07-03,MSNBC,1595,Facemask
2020-07-03,FOXNEWS,177,Facemask
2020-07-03,CNN,185,Facemask
2020-07-03,BBCNEWS,251,Facemask
2020-07-04,BBCNEWS,160,Facemask
2020-07-04,FOXNEWS,9,Facemask
2020-07-04,CNN,363,Facemask
2020-07-04,MSNBC,462,Facemask
2020-07-05,BBCNEWS,170,Facemask
2020-07-05,MSNBC,583,Facemask
2020-07-05,CNN,22,Facemask
2020-07-05,FOXNEWS,19,Facemask
2020-07-06,MSNBC,34,Facemask
2020-07-06,FOXNEWS,187,Facemask
2020-07-06,CNN,9,Facemask
2020-07-06,BBCNEWS,3,Facemask
2020-07-07,CNN,16,Facemask
2020-07-07,FOXNEWS,57,Facemask
2020-07-07,BBCNEWS,170,Facemask
2020-07-07,MSNBC,84,Facemask
2020-07-08,MSNBC,182,Facemask
2020-07-08,FOXNEWS,39,Facemask
2020-07-08,BBCNEWS,62,Facemask
2020-07-08,CNN,223,Facemask
2020-07-09,CNN,358,Facemask
2020-07-09,BBCNEWS,77,Facemask
2020-07-09,KNTV,2,Facemask
2020-07-09,FOXNEWS,58,Facemask
2020-07-09,MSNBC,366,Facemask
2020-07-10,FOXNEWS,70,Facemask
2020-07-10,BBCNEWS,84,Facemask
2020-07-10,MSNBC,467,Facemask
2020-07-10,CNN,215,Facemask
2020-07-11,KNTV,2,Facemask
2020-07-11,BBCNEWS,19,Facemask
2020-07-11,CNN,789,Facemask
2020-07-11,MSNBC,25,Facemask
2020-07-11,FOXNEWS,520,Facemask
2020-07-12,MSNBC,128,Facemask
2020-07-12,CNN,865,Facemask
2020-07-12,FOXNEWS,422,Facemask
2020-07-12,BBCNEWS,2161,Facemask
2020-07-13,FOXNEWS,58,Facemask
2020-07-13,MSNBC,227,Facemask
2020-07-13,CNN,376,Facemask
2020-07-13,BBCNEWS,190,Facemask
2020-07-14,KNTV,1,Facemask
2020-07-14,CNN,162,Facemask
2020-07-14,BBCNEWS,407,Facemask
2020-07-14,MSNBC,209,Facemask
2020-07-14,FOXNEWS,38,Facemask
2020-07-15,MSNBC,209,Facemask
2020-07-15,CNN,268,Facemask
2020-07-15,BBCNEWS,88,Facemask
2020-07-15,FOXNEWS,121,Facemask
2020-07-16,BBCNEWS,12,Facemask
2020-07-16,CNN,188,Facemask
2020-07-16,KNTV,4,Facemask
2020-07-16,FOXNEWS,262,Facemask
2020-07-16,MSNBC,449,Facemask
2020-07-17,MSNBC,258,Facemask
2020-07-17,CNN,373,Facemask
2020-07-17,FOXNEWS,21,Facemask
2020-07-17,KGO,2,Facemask
2020-07-17,KNTV,2,Facemask
2020-07-17,BBCNEWS,44,Facemask
2020-07-18,BBCNEWS,37,Facemask
2020-07-18,KPIX,34,Facemask
2020-07-18,FOXNEWS,19,Facemask
2020-07-18,CNN,80,Facemask
2020-07-18,MSNBC,64,Facemask
2020-07-19,FOXNEWS,115,Facemask
2020-07-19,BBCNEWS,23,Facemask
2020-07-19,KGO,2,Facemask
2020-07-19,CNN,16,Facemask
2020-07-19,MSNBC,24,Facemask
2020-07-20,KGO,11,Facemask
2020-07-20,FOXNEWS,140,Facemask
2020-07-20,BBCNEWS,267,Facemask
2020-07-20,CNN,680,Facemask
2020-07-20,MSNBC,147,Facemask
2020-07-21,KNTV,111,Facemask
2020-07-21,MSNBC,497,Facemask
2020-07-21,CNN,428,Facemask
2020-07-21,FOXNEWS,547,Facemask
2020-07-21,BBCNEWS,131,Facemask
2020-07-21,KPIX,12,Facemask
2020-07-22,CNN,314,Facemask
2020-07-22,MSNBC,252,Facemask
2020-07-22,KNTV,3,Facemask
2020-07-22,KPIX,6,Facemask
2020-07-22,FOXNEWS,87,Facemask
2020-07-22,BBCNEWS,16,Facemask
2020-07-23,BBCNEWS,88,Facemask
2020-07-23,MSNBC,273,Facemask
2020-07-23,CNN,31,Facemask
2020-07-23,FOXNEWS,85,Facemask
2020-07-24,CNN,686,Facemask
2020-07-24,MSNBC,92,Facemask
2020-07-24,BBCNEWS,20,Facemask
2020-07-24,FOXNEWS,36,Facemask
2020-07-25,BBCNEWS,28,Facemask
2020-07-25,MSNBC,104,Facemask
2020-07-25,FOXNEWS,5,Facemask
2020-07-25,KNTV,1,Facemask
2020-07-25,CNN,38,Facemask
2020-07-25,KPIX,4,Facemask
2020-07-26,FOXNEWS,4,Facemask
2020-07-26,BBCNEWS,9,Facemask
2020-07-26,CNN,16,Facemask
2020-07-27,FOXNEWS,5,Facemask
2020-07-27,CNN,20,Facemask
2020-07-27,MSNBC,108,Facemask
2020-07-27,BBCNEWS,2,Facemask
2020-07-28,MSNBC,153,Facemask
2020-07-28,CNN,45,Facemask
2020-07-28,KPIX,1,Facemask
2020-07-28,FOXNEWS,40,Facemask
2020-07-28,BBCNEWS,32,Facemask
2020-07-29,FOXNEWS,29,Facemask
2020-07-29,MSNBC,244,Facemask
2020-07-29,CNN,24,Facemask
2020-07-29,BBCNEWS,88,Facemask
2020-07-30,FOXNEWS,30,Facemask
2020-07-30,CNN,58,Facemask
2020-07-30,MSNBC,362,Facemask
2020-07-30,BBCNEWS,3,Facemask
2020-07-31,KNTV,2,Facemask
2020-07-31,MSNBC,173,Facemask
2020-07-31,CNN,37,Facemask
2020-07-31,FOXNEWS,14,Facemask
2020-07-31,BBCNEWS,7,Facemask
2020-08-01,BBCNEWS,6,Facemask
2020-08-01,MSNBC,82,Facemask
2020-08-01,CNN,66,Facemask
2020-08-01,FOXNEWS,24,Facemask
2020-08-02,MSNBC,20,Facemask
2020-08-02,KGO,3,Facemask
2020-08-02,FOXNEWS,10,Facemask
2020-08-02,CNN,69,Facemask
2020-08-03,CNN,32,Facemask
2020-08-03,BBCNEWS,1,Facemask
2020-08-03,MSNBC,97,Facemask
2020-08-03,FOXNEWS,25,Facemask
2020-08-04,BBCNEWS,3,Facemask
2020-08-04,CNN,118,Facemask
2020-08-04,MSNBC,177,Facemask
2020-08-04,FOXNEWS,18,Facemask
2020-08-05,BBCNEWS,16,Facemask
2020-08-05,MSNBC,153,Facemask
2020-08-05,CNN,55,Facemask
2020-08-05,FOXNEWS,2,Facemask
2020-08-06,CNN,39,Facemask
2020-08-06,BBCNEWS,1442,Facemask
2020-08-06,FOXNEWS,18,Facemask
2020-08-06,MSNBC,95,Facemask
2020-08-07,MSNBC,79,Facemask
2020-08-07,KNTV,2,Facemask
2020-08-07,CNN,57,Facemask
2020-08-07,KGO,6,Facemask
2020-08-07,FOXNEWS,13,Facemask
2020-08-08,BBCNEWS,10,Facemask
2020-08-08,KPIX,2,Facemask
2020-08-08,FOXNEWS,13,Facemask
2020-08-08,CNN,28,Facemask
2020-08-08,MSNBC,41,Facemask
2020-08-09,FOXNEWS,4,Facemask
2020-08-09,CNN,544,Facemask
2020-08-09,BBCNEWS,26,Facemask
2020-08-09,MSNBC,31,Facemask
2020-08-10,BBCNEWS,173,Facemask
2020-08-10,CNN,354,Facemask
2020-08-10,MSNBC,289,Facemask
2020-08-11,MSNBC,244,Facemask
2020-08-11,FOXNEWS,31,Facemask
2020-08-11,CNN,5,Facemask
2020-08-11,KNTV,17,Facemask
2020-08-12,FOXNEWS,2,Facemask
2020-08-12,CNN,93,Facemask
2020-08-12,KGO,7,Facemask
2020-08-12,BBCNEWS,389,Facemask
2020-08-12,MSNBC,236,Facemask
2020-08-13,BBCNEWS,5,Facemask
2020-08-13,CNN,26,Facemask
2020-08-13,FOXNEWS,12,Facemask
2020-08-13,MSNBC,292,Facemask
2020-08-14,CNN,83,Facemask
2020-08-14,MSNBC,522,Facemask
2020-08-14,KPIX,6,Facemask
2020-08-14,BBCNEWS,1,Facemask
2020-08-14,FOXNEWS,51,Facemask
2020-08-15,FOXNEWS,14,Facemask
2020-08-15,MSNBC,84,Facemask
2020-08-15,KNTV,1,Facemask
2020-08-15,KPIX,96,Facemask
2020-08-15,CNN,239,Facemask
2020-08-16,MSNBC,12,Facemask
2020-08-16,KGO,9,Facemask
2020-08-16,CNN,248,Facemask
2020-08-16,FOXNEWS,7,Facemask
2020-08-17,MSNBC,96,Facemask
2020-08-17,FOXNEWS,6,Facemask
2020-08-17,CNN,26,Facemask
2020-08-17,KGO,1,Facemask
2020-08-18,KPIX,3,Facemask
2020-08-18,MSNBC,270,Facemask
2020-08-18,FOXNEWS,39,Facemask
2020-08-18,BBCNEWS,65,Facemask
2020-08-18,CNN,2,Facemask
2020-08-18,KGO,2,Facemask
2020-08-19,KNTV,1,Facemask
2020-08-19,CNN,2,Facemask
2020-08-19,FOXNEWS,42,Facemask
2020-08-19,MSNBC,220,Facemask
2020-08-20,KNTV,6,Facemask
2020-08-20,CNN,2,Facemask
2020-08-20,FOXNEWS,4,Facemask
2020-08-20,MSNBC,207,Facemask
2020-08-21,MSNBC,34,Facemask
2020-08-21,BBCNEWS,6,Facemask
2020-08-21,FOXNEWS,5,Facemask
2020-08-21,CNN,64,Facemask
2020-08-22,CNN,46,Facemask
2020-08-22,BBCNEWS,44,Facemask
2020-08-22,FOXNEWS,24,Facemask
2020-08-22,MSNBC,106,Facemask
2020-08-23,BBCNEWS,145,Facemask
2020-08-23,CNN,8,Facemask
2020-08-23,KNTV,2,Facemask
2020-08-23,MSNBC,4,Facemask
2020-08-23,FOXNEWS,12,Facemask
2020-08-24,FOXNEWS,2,Facemask
2020-08-24,CNN,4,Facemask
2020-08-24,MSNBC,29,Facemask
2020-08-24,BBCNEWS,3612,Facemask
2020-08-25,FOXNEWS,6,Facemask
2020-08-25,BBCNEWS,1337,Facemask
2020-08-25,MSNBC,109,Facemask
2020-08-25,CNN,5,Facemask
2020-08-26,KNTV,4,Facemask
2020-08-26,FOXNEWS,11,Facemask
2020-08-26,CNN,3,Facemask
2020-08-26,MSNBC,142,Facemask
2020-08-26,BBCNEWS,3353,Facemask
2020-08-27,MSNBC,58,Facemask
2020-08-27,FOXNEWS,3,Facemask
2020-08-27,CNN,25,Facemask
2020-08-27,BBCNEWS,1099,Facemask
2020-08-28,CNN,13,Facemask
2020-08-28,FOXNEWS,4,Facemask
2020-08-28,BBCNEWS,8,Facemask
2020-08-28,MSNBC,2,Facemask
2020-08-29,MSNBC,72,Facemask
2020-08-29,CNN,48,Facemask
2020-08-29,BBCNEWS,10,Facemask
2020-08-29,FOXNEWS,3,Facemask
2020-08-30,BBCNEWS,12,Facemask
2020-08-30,CNN,19,Facemask
2020-08-30,MSNBC,30,Facemask
2020-08-30,FOXNEWS,4,Facemask
2020-08-31,FOXNEWS,51,Facemask
2020-08-31,MSNBC,2,Facemask
2020-08-31,CNN,13,Facemask
2020-08-31,BBCNEWS,364,Facemask
2020-09-01,CNN,81,Facemask
2020-09-01,KNTV,1,Facemask
2020-09-01,MSNBC,61,Facemask
2020-09-01,FOXNEWS,71,Facemask
2020-09-01,BBCNEWS,657,Facemask
2020-09-02,MSNBC,7,Facemask
2020-09-02,FOXNEWS,6,Facemask
2020-09-02,CNN,22,Facemask
2020-09-03,MSNBC,45,Facemask
2020-09-03,FOXNEWS,4,Facemask
2020-09-03,CNN,11,Facemask
2020-09-04,CNN,30,Facemask
2020-09-04,FOXNEWS,40,Facemask
2020-09-05,FOXNEWS,21,Facemask
2020-09-05,MSNBC,7,Facemask
2020-09-06,MSNBC,5,Facemask
2020-09-06,BBCNEWS,11,Facemask
2020-09-06,FOXNEWS,18,Facemask
2020-09-06,CNN,42,Facemask
2020-09-07,FOXNEWS,6,Facemask
2020-09-07,CNN,6,Facemask
2020-09-07,MSNBC,8,Facemask
2020-09-07,BBCNEWS,1,Facemask
2020-09-08,FOXNEWS,8,Facemask
2020-09-08,CNN,5,Facemask
2020-09-08,MSNBC,60,Facemask
2020-09-09,CNN,137,Facemask
2020-09-09,FOXNEWS,8,Facemask
2020-09-09,MSNBC,63,Facemask
2020-09-10,KPIX,5,Facemask
2020-09-10,CNN,64,Facemask
2020-09-10,KNTV,8,Facemask
2020-09-10,MSNBC,41,Facemask
2020-09-10,FOXNEWS,24,Facemask
2020-09-11,FOXNEWS,11,Facemask
2020-09-11,CNN,221,Facemask
2020-09-11,BBCNEWS,12,Facemask
2020-09-11,MSNBC,44,Facemask
2020-09-12,CNN,7,Facemask
2020-09-12,FOXNEWS,3,Facemask
2020-09-12,BBCNEWS,2,Facemask
2020-09-13,MSNBC,1,Facemask
2020-09-13,FOXNEWS,19,Facemask
2020-09-14,CNN,5,Facemask
2020-09-14,BBCNEWS,66,Facemask
2020-09-14,KGO,1,Facemask
2020-09-14,FOXNEWS,54,Facemask
2020-09-14,MSNBC,12,Facemask
2020-09-15,FOXNEWS,56,Facemask
2020-09-15,CNN,6,Facemask
2020-09-16,BBCNEWS,3,Facemask
2020-09-16,KGO,33,Facemask
2020-09-16,MSNBC,156,Facemask
2020-09-16,CNN,533,Facemask
2020-09-17,FOXNEWS,24,Facemask
2020-09-17,CNN,13,Facemask
2020-09-17,MSNBC,572,Facemask
2020-09-17,KNTV,16,Facemask
2020-09-18,FOXNEWS,2,Facemask
2020-09-18,CNN,54,Facemask
2020-09-18,BBCNEWS,10,Facemask
2020-09-18,MSNBC,94,Facemask
2020-09-19,KPIX,1,Facemask
2020-09-19,MSNBC,8,Facemask
2020-09-19,FOXNEWS,143,Facemask
2020-09-20,KPIX,1,Facemask
2020-09-20,CNN,6,Facemask
2020-09-20,KNTV,2,Facemask
2020-09-21,CNN,25,Facemask
2020-09-21,MSNBC,94,Facemask
2020-09-22,CNN,426,Facemask
2020-09-22,FOXNEWS,2,Facemask
2020-09-22,BBCNEWS,1888,Facemask
2020-09-23,CNN,13,Facemask
2020-09-23,BBCNEWS,20,Facemask
2020-09-23,MSNBC,102,Facemask
2020-09-24,CNN,3,Facemask
2020-09-24,FOXNEWS,2,Facemask
2020-09-25,BBCNEWS,5,Facemask
2020-09-25,MSNBC,6,Facemask
2020-09-25,FOXNEWS,3,Facemask
2020-09-26,MSNBC,2,Facemask
2020-09-26,BBCNEWS,3,Facemask
2020-09-27,BBCNEWS,5,Facemask
2020-09-27,FOXNEWS,1,Facemask
2020-09-27,MSNBC,2,Facemask
2020-09-27,CNN,14,Facemask
2020-09-28,MSNBC,5,Facemask
2020-09-28,CNN,7,Facemask
2020-09-28,FOXNEWS,5,Facemask
2020-09-28,BBCNEWS,247,Facemask
2020-09-29,CNN,99,Facemask
2020-09-29,FOXNEWS,2,Facemask
2020-09-29,MSNBC,2,Facemask
2020-09-30,CNN,37,Facemask
2020-09-30,MSNBC,38,Facemask
2020-09-30,FOXNEWS,8,Facemask
2020-10-01,MSNBC,29,Facemask
2020-10-01,CNN,47,Facemask
2020-10-02,CNN,26,Facemask
2020-10-02,BBCNEWS,50,Facemask
2020-10-02,MSNBC,4,Facemask
2020-10-03,CNN,6,Facemask
2020-10-03,MSNBC,53,Facemask
2020-10-03,FOXNEWS,164,Facemask
2020-10-04,CNN,9,Facemask
2020-10-04,MSNBC,3,Facemask
2020-10-04,FOXNEWS,2,Facemask
2020-10-05,KPIX,2,Facemask
2020-10-05,CNN,31,Facemask
2020-10-05,FOXNEWS,87,Facemask
2020-10-06,FOXNEWS,131,Facemask
2020-10-06,CNN,7,Facemask
2020-10-06,MSNBC,6,Facemask
2020-10-07,CNN,5,Facemask
2020-10-07,FOXNEWS,96,Facemask
2020-10-07,MSNBC,2,Facemask
2020-10-08,MSNBC,8,Facemask
2020-10-08,CNN,99,Facemask
2020-10-08,BBCNEWS,59,Facemask
2020-10-09,CNN,28,Facemask
2020-10-09,FOXNEWS,3,Facemask
2020-10-09,MSNBC,6,Facemask
2020-10-10,MSNBC,13,Facemask
2020-10-10,FOXNEWS,20,Facemask
2020-10-10,BBCNEWS,3769,Facemask
2020-10-10,CNN,4,Facemask
2020-10-11,BBCNEWS,1837,Facemask
2020-10-11,MSNBC,4,Facemask
2020-10-11,KNTV,4,Facemask
2020-10-11,CNN,3,Facemask
2020-10-12,FOXNEWS,2,Facemask
2020-10-12,MSNBC,6,Facemask
2020-10-13,CNN,3,Facemask
2020-10-13,MSNBC,32,Facemask
2020-10-13,FOXNEWS,4,Facemask
2020-10-13,KNTV,2,Facemask
2020-10-14,BBCNEWS,196,Facemask
2020-10-14,CNN,10,Facemask
2020-10-14,FOXNEWS,140,Facemask
2020-10-14,MSNBC,5,Facemask
2020-10-15,KNTV,3,Facemask
2020-10-15,CNN,14,Facemask
2020-10-15,FOXNEWS,148,Facemask
2020-10-15,MSNBC,203,Facemask
2020-10-16,BBCNEWS,8,Facemask
2020-10-16,CNN,2,Facemask
2020-10-16,MSNBC,17,Facemask
2020-10-17,FOXNEWS,11,Facemask
2020-10-17,CNN,9,Facemask
2020-10-17,MSNBC,15,Facemask
2020-10-18,FOXNEWS,18,Facemask
2020-10-18,CNN,2,Facemask
2020-10-19,BBCNEWS,2,Facemask
2020-10-19,MSNBC,25,Facemask
2020-10-19,CNN,18,Facemask
2020-10-20,CNN,28,Facemask
2020-10-20,FOXNEWS,4,Facemask
2020-10-20,MSNBC,52,Facemask
2020-10-21,BBCNEWS,4,Facemask
2020-10-21,MSNBC,113,Facemask
2020-10-21,CNN,9,Facemask
2020-10-21,FOXNEWS,25,Facemask
2020-10-22,FOXNEWS,30,Facemask
2020-10-22,MSNBC,23,Facemask
2020-10-22,BBCNEWS,48,Facemask
2020-10-22,CNN,4,Facemask
2020-10-23,FOXNEWS,5,Facemask
2020-10-23,MSNBC,14,Facemask
2020-10-23,BBCNEWS,2,Facemask
2020-10-24,FOXNEWS,23,Facemask
2020-10-24,MSNBC,97,Facemask
2020-10-24,CNN,3,Facemask
2020-10-24,KPIX,4,Facemask
2020-10-25,MSNBC,6,Facemask
2020-10-25,FOXNEWS,23,Facemask
2020-10-25,CNN,10,Facemask
2020-10-25,BBCNEWS,71,Facemask
2020-10-26,MSNBC,5,Facemask
2020-10-26,FOXNEWS,12,Facemask
2020-10-26,CNN,33,Facemask
2020-10-26,BBCNEWS,5,Facemask
2020-10-27,CNN,9,Facemask
2020-10-27,MSNBC,83,Facemask
2020-10-27,BBCNEWS,1,Facemask
2020-10-27,FOXNEWS,44,Facemask
2020-10-28,MSNBC,2,Facemask
2020-10-28,CNN,7,Facemask
2020-10-28,FOXNEWS,12,Facemask
2020-10-29,BBCNEWS,5,Facemask
2020-10-29,CNN,51,Facemask
2020-10-29,MSNBC,4,Facemask
2020-10-30,FOXNEWS,3,Facemask
2020-10-30,BBCNEWS,308,Facemask
2020-10-30,MSNBC,7,Facemask
2020-10-30,CNN,6,Facemask
2020-10-31,KNTV,3,Facemask
2020-10-31,MSNBC,40,Facemask
2020-10-31,CNN,79,Facemask
2020-10-31,FOXNEWS,10,Facemask
2020-10-31,BBCNEWS,39,Facemask
2020-11-01,CNN,2,Facemask
2020-11-01,KNTV,1,Facemask
2020-11-01,MSNBC,2,Facemask
2020-11-01,BBCNEWS,20,Facemask
2020-11-02,CNN,228,Facemask
2020-11-02,BBCNEWS,14,Facemask
2020-11-02,MSNBC,1,Facemask
2020-11-03,MSNBC,15,Facemask
2020-11-03,BBCNEWS,23,Facemask
2020-11-03,CNN,25,Facemask
2020-11-04,CNN,2,Facemask
2020-11-04,BBCNEWS,40,Facemask
2020-11-07,BBCNEWS,6,Facemask
2020-11-08,BBCNEWS,2,Facemask
2020-11-08,MSNBC,4,Facemask
2020-11-09,KGO,3,Facemask
2020-11-09,CNN,2,Facemask
2020-11-09,FOXNEWS,1,Facemask
2020-11-09,MSNBC,36,Facemask
2020-11-10,BBCNEWS,2,Facemask
2020-11-10,CNN,2,Facemask
2020-11-10,FOXNEWS,2,Facemask
2020-11-11,KPIX,4,Facemask
2020-11-11,FOXNEWS,1,Facemask
2020-11-11,KGO,2,Facemask
2020-11-11,KNTV,1,Facemask
2020-11-11,CNN,2,Facemask
2020-11-12,CNN,19,Facemask
2020-11-12,FOXNEWS,23,Facemask
2020-11-12,BBCNEWS,2,Facemask
2020-11-13,FOXNEWS,5,Facemask
2020-11-13,KPIX,2,Facemask
2020-11-13,CNN,15,Facemask
2020-11-14,KPIX,17,Facemask
2020-11-14,FOXNEWS,22,Facemask
2020-11-14,CNN,73,Facemask
2020-11-14,MSNBC,58,Facemask
2020-11-14,KNTV,4,Facemask
2020-11-15,CNN,12,Facemask
2020-11-15,FOXNEWS,9,Facemask
2020-11-15,MSNBC,5,Facemask
2020-11-16,FOXNEWS,2,Facemask
2020-11-16,BBCNEWS,25,Facemask
2020-11-16,CNN,11,Facemask
2020-11-16,MSNBC,27,Facemask
2020-11-17,BBCNEWS,243,Facemask
2020-11-17,MSNBC,36,Facemask
2020-11-17,FOXNEWS,2,Facemask
2020-11-17,CNN,12,Facemask
2020-11-18,FOXNEWS,1,Facemask
2020-11-18,BBCNEWS,10,Facemask
2020-11-18,CNN,8,Facemask
2020-11-18,MSNBC,44,Facemask
2020-11-19,CNN,1,Facemask
2020-11-19,MSNBC,17,Facemask
2020-11-19,FOXNEWS,214,Facemask
2020-11-19,KNTV,1,Facemask
2020-11-20,CNN,6,Facemask
2020-11-20,BBCNEWS,2,Facemask
2020-11-20,FOXNEWS,15,Facemask
2020-11-20,MSNBC,16,Facemask
2020-11-21,BBCNEWS,2,Facemask
2020-11-21,FOXNEWS,47,Facemask
2020-11-21,CNN,48,Facemask
2020-11-21,MSNBC,18,Facemask
2020-11-22,CNN,38,Facemask
2020-11-22,MSNBC,57,Facemask
2020-11-22,FOXNEWS,2,Facemask
2020-11-23,FOXNEWS,3,Facemask
2020-11-23,MSNBC,5,Facemask
2020-11-24,CNN,48,Facemask
2020-11-24,FOXNEWS,1,Facemask
2020-11-24,KNTV,3,Facemask
2020-11-24,MSNBC,61,Facemask
2020-11-25,CNN,74,Facemask
2020-11-25,BBCNEWS,3,Facemask
2020-11-25,FOXNEWS,10,Facemask
2020-11-26,MSNBC,33,Facemask
2020-11-26,CNN,29,Facemask
2020-11-26,FOXNEWS,110,Facemask
2020-11-27,MSNBC,164,Facemask
2020-11-27,BBCNEWS,23,Facemask
2020-11-28,KPIX,1,Facemask
2020-11-28,MSNBC,70,Facemask
2020-11-28,CNN,45,Facemask
2020-11-28,KNTV,1,Facemask
2020-11-28,FOXNEWS,28,Facemask
2020-11-29,FOXNEWS,15,Facemask
2020-11-29,KNTV,4,Facemask
2020-11-29,MSNBC,83,Facemask
2020-11-29,CNN,33,Facemask
2020-11-30,CNN,18,Facemask
2020-11-30,FOXNEWS,19,Facemask
2020-11-30,MSNBC,68,Facemask
2020-11-30,KGO,1,Facemask
2020-12-01,FOXNEWS,88,Facemask
2020-12-01,BBCNEWS,28,Facemask
2020-12-01,MSNBC,26,Facemask
2020-12-01,CNN,77,Facemask
2020-12-02,CNN,2,Facemask
2020-12-02,MSNBC,4,Facemask
2020-12-03,FOXNEWS,10,Facemask
2020-12-03,CNN,2,Facemask
2020-12-04,FOXNEWS,12,Facemask
2020-12-04,MSNBC,9,Facemask
2020-12-05,MSNBC,54,Facemask
2020-12-05,CNN,28,Facemask
2020-12-06,CNN,9,Facemask
2020-12-06,FOXNEWS,6,Facemask
2020-12-06,KNTV,1,Facemask
2020-12-06,MSNBC,6,Facemask
2020-12-07,MSNBC,4,Facemask
2020-12-07,BBCNEWS,14,Facemask
2020-12-07,CNN,2,Facemask
2020-12-07,FOXNEWS,34,Facemask
2020-12-07,KPIX,7,Facemask
2020-12-08,BBCNEWS,14,Facemask
2020-12-08,FOXNEWS,17,Facemask
2020-12-08,KGO,1,Facemask
2020-12-08,CNN,12,Facemask
2020-12-08,MSNBC,3,Facemask
2020-12-08,KNTV,1,Facemask
2020-12-09,FOXNEWS,15,Facemask
2020-12-09,CNN,2,Facemask
2020-12-10,KNTV,1,Facemask
2020-12-10,MSNBC,5,Facemask
2020-12-10,CNN,8,Facemask
2020-12-10,FOXNEWS,25,Facemask
2020-12-11,MSNBC,4,Facemask
2020-12-11,CNN,4,Facemask
2020-12-11,FOXNEWS,8,Facemask
2020-12-12,CNN,27,Facemask
2020-12-12,FOXNEWS,15,Facemask
2020-12-12,MSNBC,25,Facemask
2020-12-13,KPIX,3,Facemask
2020-12-13,CNN,6,Facemask
2020-12-13,FOXNEWS,18,Facemask
2020-12-14,MSNBC,10,Facemask
2020-12-14,FOXNEWS,5,Facemask
2020-12-15,CNN,29,Facemask
2020-12-15,MSNBC,3,Facemask
2020-12-15,FOXNEWS,8,Facemask
2020-12-16,FOXNEWS,11,Facemask
2020-12-16,MSNBC,2,Facemask
2020-12-16,CNN,4,Facemask
2020-12-17,CNN,11,Facemask
2020-12-17,MSNBC,165,Facemask
2020-12-17,FOXNEWS,27,Facemask
2020-12-17,BBCNEWS,3,Facemask
2020-12-18,CNN,12,Facemask
2020-12-18,FOXNEWS,3,Facemask
2020-12-18,BBCNEWS,24,Facemask
2020-12-18,MSNBC,4,Facemask
2020-12-19,CNN,9,Facemask
2020-12-19,MSNBC,17,Facemask
2020-12-19,FOXNEWS,13,Facemask
2020-12-19,BBCNEWS,110,Facemask
2020-12-20,BBCNEWS,52,Facemask
2020-12-20,CNN,6,Facemask
2020-12-20,FOXNEWS,8,Facemask
2020-12-21,MSNBC,97,Facemask
2020-12-21,BBCNEWS,93,Facemask
2020-12-21,CNN,114,Facemask
2020-12-21,FOXNEWS,58,Facemask
2020-12-22,FOXNEWS,1,Facemask
2020-12-22,MSNBC,15,Facemask
2020-12-22,KPIX,4,Facemask
2020-12-22,CNN,1,Facemask
2020-12-22,BBCNEWS,29,Facemask
2020-12-23,CNN,14,Facemask
2020-12-23,MSNBC,11,Facemask
2020-12-23,FOXNEWS,10,Facemask
2020-12-23,BBCNEWS,70,Facemask
2020-12-24,CNN,3,Facemask
2020-12-24,MSNBC,30,Facemask
2020-12-24,FOXNEWS,20,Facemask
2020-12-25,FOXNEWS,1,Facemask
2020-12-25,MSNBC,5,Facemask
2020-12-25,BBCNEWS,1,Facemask
2020-12-26,BBCNEWS,7,Facemask
2020-12-26,FOXNEWS,12,Facemask
2020-12-26,MSNBC,7,Facemask
2020-12-27,BBCNEWS,3,Facemask
2020-12-27,FOXNEWS,12,Facemask
2020-12-28,FOXNEWS,17,Facemask
2020-12-28,MSNBC,2,Facemask
2020-12-28,CNN,7,Facemask
2020-12-28,BBCNEWS,113,Facemask
2020-12-29,FOXNEWS,35,Facemask
2020-12-29,CNN,5,Facemask
2020-12-29,MSNBC,12,Facemask
2020-12-29,BBCNEWS,35,Facemask
2020-12-30,CNN,42,Facemask
2020-12-30,MSNBC,21,Facemask
2020-12-30,KPIX,5,Facemask
2020-12-30,FOXNEWS,1,Facemask
2020-12-31,MSNBC,17,Facemask
2020-12-31,CNN,9,Facemask
2020-12-31,BBCNEWS,2,Facemask
2020-12-31,FOXNEWS,4,Facemask
2021-01-01,FOXNEWS,12,Facemask
2021-01-02,MSNBC,161,Facemask
2021-01-02,CNN,21,Facemask
2021-01-02,FOXNEWS,9,Facemask
2021-01-03,FOXNEWS,6,Facemask
2021-01-03,KGO,3,Facemask
2021-01-03,CNN,2,Facemask
2021-01-03,MSNBC,1,Facemask
2021-01-04,MSNBC,3,Facemask
2021-01-04,FOXNEWS,6,Facemask
2021-01-04,BBCNEWS,3,Facemask
2021-01-05,MSNBC,5,Facemask
2021-01-05,CNN,7,Facemask
2021-01-06,BBCNEWS,18,Facemask
2021-01-06,CNN,1,Facemask
2021-01-07,CNN,1,Facemask
2021-01-08,MSNBC,7,Facemask
2021-01-09,CNN,4,Facemask
2021-01-09,FOXNEWS,4,Facemask
2021-01-09,MSNBC,1,Facemask
2021-01-09,BBCNEWS,19,Facemask
2021-01-10,FOXNEWS,5,Facemask
2021-01-10,MSNBC,2,Facemask
2021-01-10,BBCNEWS,14,Facemask
2021-01-10,CNN,13,Facemask
2021-01-11,MSNBC,11,Facemask
2021-01-11,FOXNEWS,99,Facemask
2021-01-11,CNN,31,Facemask
2021-01-11,BBCNEWS,13,Facemask
2021-01-12,CNN,12,Facemask
2021-01-12,FOXNEWS,27,Facemask
2021-01-12,BBCNEWS,14,Facemask
2021-01-12,MSNBC,14,Facemask
2021-01-13,FOXNEWS,3,Facemask
2021-01-13,MSNBC,469,Facemask
2021-01-13,CNN,2,Facemask
2021-01-13,BBCNEWS,185,Facemask
2021-01-14,FOXNEWS,12,Facemask
2021-01-14,MSNBC,10,Facemask
2021-01-14,CNN,3,Facemask
2021-01-15,BBCNEWS,3,Facemask
2021-01-15,FOXNEWS,15,Facemask
2021-01-15,MSNBC,6,Facemask
2021-01-15,CNN,1,Facemask
2021-01-16,CNN,4,Facemask
2021-01-16,MSNBC,18,Facemask
2021-01-16,FOXNEWS,1,Facemask
2021-01-17,CNN,2,Facemask
2021-01-17,BBCNEWS,44,Facemask
2021-01-17,MSNBC,3,Facemask
2021-01-18,MSNBC,9,Facemask
2021-01-18,FOXNEWS,4,Facemask
2021-01-18,BBCNEWS,11,Facemask
2021-01-19,CNN,6,Facemask
2021-01-19,FOXNEWS,7,Facemask
2021-01-19,MSNBC,4,Facemask
2021-01-20,MSNBC,5,Facemask
2021-01-20,CNN,3,Facemask
2021-01-21,CNN,2,Facemask
2021-01-21,FOXNEWS,4,Facemask
2021-01-22,MSNBC,8,Facemask
2021-01-22,CNN,24,Facemask
2021-01-22,FOXNEWS,25,Facemask
2021-01-23,MSNBC,2,Facemask
2021-01-23,CNN,4,Facemask
2021-01-23,KGO,5,Facemask
2021-01-23,FOXNEWS,33,Facemask
2021-01-24,MSNBC,103,Facemask
2021-01-24,FOXNEWS,14,Facemask
2021-01-24,CNN,9,Facemask
2021-01-25,BBCNEWS,5,Facemask
2021-01-25,FOXNEWS,3,Facemask
2021-01-25,CNN,37,Facemask
2021-01-25,MSNBC,14,Facemask
2021-01-26,FOXNEWS,33,Facemask
2021-01-26,CNN,6,Facemask
2021-01-26,MSNBC,5,Facemask
2021-01-27,FOXNEWS,15,Facemask
2021-01-27,MSNBC,10,Facemask
2021-01-27,CNN,5,Facemask
2021-01-28,KPIX,4,Facemask
2021-01-28,CNN,9,Facemask
2021-01-28,MSNBC,9,Facemask
2021-01-29,MSNBC,36,Facemask
2021-01-29,FOXNEWS,6,Facemask
2021-01-29,BBCNEWS,58,Facemask
2021-01-29,CNN,14,Facemask
2021-01-30,CNN,57,Facemask
2021-01-30,MSNBC,101,Facemask
2021-01-30,BBCNEWS,60,Facemask
2021-01-31,CNN,50,Facemask
2021-01-31,KPIX,5,Facemask
2021-01-31,BBCNEWS,31,Facemask
2021-01-31,MSNBC,5,Facemask
2021-01-31,FOXNEWS,41,Facemask
2021-01-31,KNTV,2,Facemask
2021-02-01,MSNBC,40,Facemask
2021-02-01,CNN,74,Facemask
2021-02-01,FOXNEWS,16,Facemask
2021-02-01,BBCNEWS,5,Facemask
2021-02-02,FOXNEWS,19,Facemask
2021-02-02,CNN,34,Facemask
2021-02-02,MSNBC,8,Facemask
2021-02-03,MSNBC,9,Facemask
2021-02-03,CNN,4,Facemask
2021-02-04,FOXNEWS,6,Facemask
2021-02-04,CNN,16,Facemask
2021-02-04,MSNBC,14,Facemask
2021-02-04,BBCNEWS,7,Facemask
2021-02-05,CNN,238,Facemask
2021-02-05,FOXNEWS,52,Facemask
2021-02-05,MSNBC,31,Facemask
2021-02-05,BBCNEWS,38,Facemask
2021-02-05,KGO,3,Facemask
2021-02-06,FOXNEWS,122,Facemask
2021-02-06,MSNBC,209,Facemask
2021-02-06,CNN,37,Facemask
2021-02-07,FOXNEWS,74,Facemask
2021-02-08,FOXNEWS,126,Facemask
2021-02-08,MSNBC,3,Facemask
2021-02-08,CNN,37,Facemask
2021-02-09,MSNBC,14,Facemask
2021-02-09,BBCNEWS,10,Facemask
2021-02-09,FOXNEWS,4,Facemask
2021-02-09,CNN,3,Facemask
2021-02-10,MSNBC,11,Facemask
2021-02-10,CNN,4,Facemask
2021-02-10,FOXNEWS,4,Facemask
2021-02-11,MSNBC,4,Facemask
2021-02-11,FOXNEWS,11,Facemask
2021-02-11,CNN,32,Facemask
2021-02-12,MSNBC,14,Facemask
2021-02-12,CNN,585,Facemask
2021-02-12,BBCNEWS,7,Facemask
2021-02-13,MSNBC,5,Facemask
2021-02-13,CNN,35,Facemask
2021-02-13,FOXNEWS,16,Facemask
2021-02-14,CNN,30,Facemask
2021-02-14,MSNBC,6,Facemask
2021-02-14,FOXNEWS,74,Facemask
2021-02-15,CNN,3,Facemask
2021-02-15,MSNBC,6,Facemask
2021-02-16,FOXNEWS,31,Facemask
2021-02-16,CNN,2,Facemask
2021-02-16,MSNBC,11,Facemask
2021-02-17,MSNBC,5,Facemask
2021-02-17,BBCNEWS,4,Facemask
2021-02-17,CNN,131,Facemask
2021-02-18,MSNBC,3,Facemask
2021-02-18,CNN,35,Facemask
2021-02-18,FOXNEWS,2,Facemask
2021-02-18,BBCNEWS,22,Facemask
2021-02-19,CNN,5,Facemask
2021-02-19,BBCNEWS,3,Facemask
2021-02-19,MSNBC,4,Facemask
2021-02-19,FOXNEWS,43,Facemask
2021-02-20,FOXNEWS,15,Facemask
2021-02-20,CNN,3,Facemask
2021-02-20,MSNBC,9,Facemask
2021-02-21,BBCNEWS,2,Facemask
2021-02-22,FOXNEWS,3,Facemask
2021-02-22,MSNBC,13,Facemask
2021-02-22,BBCNEWS,1,Facemask
2021-02-22,CNN,9,Facemask
2021-02-23,FOXNEWS,4,Facemask
2021-02-23,BBCNEWS,59,Facemask
2021-02-24,CNN,31,Facemask
2021-02-24,FOXNEWS,2,Facemask
2021-02-24,MSNBC,4,Facemask
2021-02-24,BBCNEWS,1140,Facemask
2021-02-25,MSNBC,12,Facemask
2021-02-25,CNN,37,Facemask
2021-02-26,CNN,1,Facemask
2021-02-26,MSNBC,5,Facemask
2021-02-27,MSNBC,4,Facemask
2021-02-27,CNN,37,Facemask
2021-02-28,CNN,2,Facemask
2021-03-01,MSNBC,10,Facemask
2021-03-02,CNN,14,Facemask
2021-03-02,FOXNEWS,26,Facemask
2021-03-02,KGO,2,Facemask
2021-03-03,CNN,28,Facemask
2021-03-03,FOXNEWS,5,Facemask
2021-03-04,KGO,4,Facemask
2021-03-04,FOXNEWS,19,Facemask
2021-03-04,CNN,11,Facemask
2021-03-05,MSNBC,102,Facemask
2021-03-05,CNN,28,Facemask
2021-03-06,CNN,1,Facemask
2021-03-06,MSNBC,24,Facemask
2021-03-06,FOXNEWS,18,Facemask
2021-03-07,FOXNEWS,3,Facemask
2021-03-07,MSNBC,93,Facemask
2021-03-07,CNN,21,Facemask
2021-03-08,CNN,49,Facemask
2021-03-08,BBCNEWS,3,Facemask
2021-03-08,KNTV,1,Facemask
2021-03-08,MSNBC,10,Facemask
2021-03-08,FOXNEWS,34,Facemask
2021-03-09,FOXNEWS,126,Facemask
2021-03-09,CNN,15,Facemask
2021-03-09,MSNBC,4,Facemask
2021-03-10,FOXNEWS,19,Facemask
2021-03-10,CNN,59,Facemask
2021-03-10,KNTV,5,Facemask
2021-03-10,KGO,3,Facemask
2021-03-10,MSNBC,6,Facemask
2021-03-11,CNN,14,Facemask
2021-03-11,FOXNEWS,6,Facemask
2021-03-11,MSNBC,20,Facemask
2021-03-12,MSNBC,119,Facemask
2021-03-12,FOXNEWS,1,Facemask
2021-03-12,CNN,5,Facemask
2021-03-13,CNN,102,Facemask
2021-03-13,FOXNEWS,24,Facemask
2021-03-13,BBCNEWS,2,Facemask
2021-03-13,MSNBC,10,Facemask
2021-03-14,CNN,10,Facemask
2021-03-14,FOXNEWS,4,Facemask
2021-03-14,BBCNEWS,4,Facemask
2021-03-14,MSNBC,8,Facemask
2021-03-15,FOXNEWS,3,Facemask
2021-03-15,MSNBC,5,Facemask
2021-03-15,KGO,3,Facemask
2021-03-15,CNN,6,Facemask
2021-03-16,MSNBC,5,Facemask
2021-03-16,FOXNEWS,30,Facemask
2021-03-16,CNN,38,Facemask
2021-03-17,FOXNEWS,4,Facemask
2021-03-17,MSNBC,4,Facemask
2021-03-17,CNN,1,Facemask
2021-03-17,BBCNEWS,55,Facemask
2021-03-18,MSNBC,10,Facemask
2021-03-18,CNN,16,Facemask
2021-03-18,FOXNEWS,41,Facemask
2021-03-18,BBCNEWS,20,Facemask
2021-03-19,KPIX,6,Facemask
2021-03-19,BBCNEWS,108,Facemask
2021-03-19,CNN,32,Facemask
2021-03-20,CNN,24,Facemask
2021-03-20,BBCNEWS,82,Facemask
2021-03-20,FOXNEWS,12,Facemask
2021-03-21,MSNBC,10,Facemask
2021-03-21,CNN,78,Facemask
2021-03-21,BBCNEWS,164,Facemask
2021-03-22,BBCNEWS,78,Facemask
2021-03-22,MSNBC,16,Facemask
2021-03-22,CNN,6,Facemask
2021-03-22,FOXNEWS,8,Facemask
2021-03-23,FOXNEWS,4,Facemask
2021-03-23,CNN,8,Facemask
2021-03-23,MSNBC,62,Facemask
2021-03-24,CNN,2,Facemask
2021-03-24,MSNBC,8,Facemask
2021-03-25,CNN,2,Facemask
2021-03-26,MSNBC,6,Facemask
2021-03-26,CNN,7,Facemask
2021-03-27,MSNBC,10,Facemask
2021-03-27,CNN,1,Facemask
2021-03-27,KPIX,9,Facemask
2021-03-27,FOXNEWS,4,Facemask
2021-03-28,FOXNEWS,3,Facemask
2021-03-28,MSNBC,1,Facemask
2021-03-29,MSNBC,32,Facemask
2021-03-29,BBCNEWS,1,Facemask
2021-03-29,KGO,5,Facemask
2021-03-29,CNN,25,Facemask
2021-03-30,KNTV,3,Facemask
2021-03-30,CNN,36,Facemask
2021-03-30,BBCNEWS,328,Facemask
2021-03-30,MSNBC,98,Facemask
2021-03-30,KGO,3,Facemask
2021-03-31,CNN,4,Facemask
2021-03-31,FOXNEWS,33,Facemask
2021-04-01,BBCNEWS,20,Facemask
2021-04-01,MSNBC,33,Facemask
2021-04-01,FOXNEWS,48,Facemask
2021-04-01,CNN,24,Facemask
2021-04-02,CNN,32,Facemask
2021-04-02,FOXNEWS,21,Facemask
2021-04-02,BBCNEWS,8,Facemask
2021-04-02,MSNBC,32,Facemask
2021-04-03,KNTV,2,Facemask
2021-04-03,FOXNEWS,33,Facemask
2021-04-03,MSNBC,3,Facemask
2021-04-04,FOXNEWS,64,Facemask
2021-04-04,CNN,9,Facemask
2021-04-04,MSNBC,4,Facemask
2021-04-05,KGO,1,Facemask
2021-04-05,MSNBC,9,Facemask
2021-04-05,FOXNEWS,31,Facemask
2021-04-05,CNN,9,Facemask
2021-04-06,BBCNEWS,22,Facemask
2021-04-06,MSNBC,3,Facemask
2021-04-06,CNN,1,Facemask
2021-04-07,CNN,2,Facemask
2021-04-07,MSNBC,1,Facemask
2021-04-07,BBCNEWS,42,Facemask
2021-04-08,MSNBC,3,Facemask
2021-04-08,BBCNEWS,47,Facemask
2021-04-08,CNN,6,Facemask
2021-04-09,MSNBC,1,Facemask
2021-04-10,KGO,10,Facemask
2021-04-10,FOXNEWS,23,Facemask
2021-04-10,MSNBC,5,Facemask
2021-04-10,CNN,9,Facemask
2021-04-11,BBCNEWS,22,Facemask
2021-04-11,MSNBC,18,Facemask
2021-04-11,FOXNEWS,18,Facemask
2021-04-11,CNN,6,Facemask
2021-04-12,KGO,4,Facemask
2021-04-12,MSNBC,1,Facemask
2021-04-13,CNN,7,Facemask
2021-04-13,MSNBC,2,Facemask
2021-04-14,CNN,1,Facemask
2021-04-14,MSNBC,2,Facemask
2021-04-14,FOXNEWS,9,Facemask
2021-04-15,CNN,119,Facemask
2021-04-15,KNTV,1,Facemask
2021-04-15,BBCNEWS,41,Facemask
2021-04-15,MSNBC,1,Facemask
2021-04-15,FOXNEWS,5,Facemask
2021-04-16,MSNBC,1,Facemask
2021-04-16,CNN,7,Facemask
2021-04-16,BBCNEWS,386,Facemask
2021-04-17,FOXNEWS,5,Facemask
2021-04-17,CNN,1,Facemask
2021-04-17,MSNBC,7,Facemask
2021-04-18,FOXNEWS,13,Facemask
2021-04-18,MSNBC,1,Facemask
2021-04-18,CNN,9,Facemask
2021-04-19,MSNBC,1,Facemask
2021-04-19,FOXNEWS,28,Facemask
2021-04-19,CNN,10,Facemask
2021-04-20,MSNBC,20,Facemask
2021-04-20,CNN,1,Facemask
2021-04-21,MSNBC,20,Facemask
2021-04-21,CNN,1,Facemask
2021-04-22,MSNBC,1,Facemask
2021-04-22,BBCNEWS,3,Facemask
2021-04-22,CNN,31,Facemask
2021-04-23,KPIX,1,Facemask
2021-04-23,MSNBC,3,Facemask
2021-04-23,FOXNEWS,9,Facemask
2021-04-23,KGO,3,Facemask
2021-04-23,BBCNEWS,16,Facemask
2021-04-24,FOXNEWS,13,Facemask
2021-04-24,MSNBC,5,Facemask
2021-04-24,CNN,3,Facemask
2021-04-24,BBCNEWS,15,Facemask
2021-04-25,FOXNEWS,6,Facemask
2021-04-25,CNN,10,Facemask
2021-04-26,CNN,11,Facemask
2021-04-27,MSNBC,3,Facemask
2021-04-27,CNN,24,Facemask
2021-04-27,FOXNEWS,36,Facemask
2021-04-28,KPIX,2,Facemask
2021-04-28,FOXNEWS,7,Facemask
2021-04-28,CNN,25,Facemask
2021-04-28,MSNBC,18,Facemask
2021-04-29,CNN,7,Facemask
2021-04-29,MSNBC,3,Facemask
2021-04-30,FOXNEWS,33,Facemask
2021-04-30,CNN,18,Facemask
2021-04-30,MSNBC,5,Facemask
2021-05-01,CNN,41,Facemask
2021-05-01,BBCNEWS,27,Facemask
2021-05-01,FOXNEWS,112,Facemask
2021-05-02,CNN,47,Facemask
2021-05-02,MSNBC,10,Facemask
2021-05-02,FOXNEWS,17,Facemask
2021-05-02,BBCNEWS,21,Facemask
2021-05-03,BBCNEWS,14,Facemask
2021-05-03,CNN,12,Facemask
2021-05-03,MSNBC,1,Facemask
2021-05-04,MSNBC,55,Facemask
2021-05-05,MSNBC,2,Facemask
2021-05-05,FOXNEWS,1,Facemask
2021-05-06,FOXNEWS,12,Facemask
2021-05-06,MSNBC,4,Facemask
2021-05-07,FOXNEWS,29,Facemask
2021-05-07,MSNBC,2,Facemask
2021-05-07,CNN,6,Facemask
2021-05-08,FOXNEWS,11,Facemask
2021-05-08,CNN,3,Facemask
2021-05-09,MSNBC,4,Facemask
2021-05-09,CNN,21,Facemask
2021-05-09,FOXNEWS,87,Facemask
2021-05-10,CNN,1,Facemask
2021-05-10,FOXNEWS,2,Facemask
2021-05-10,MSNBC,1,Facemask
2021-05-11,MSNBC,7,Facemask
2021-05-11,FOXNEWS,44,Facemask
2021-05-11,CNN,169,Facemask
2021-05-12,BBCNEWS,7,Facemask
2021-05-12,MSNBC,52,Facemask
2021-05-12,CNN,5,Facemask
2021-05-13,CNN,9,Facemask
2021-05-13,MSNBC,6,Facemask
2021-05-13,FOXNEWS,250,Facemask
2021-05-14,BBCNEWS,696,Facemask
2021-05-14,KGO,3,Facemask
2021-05-14,FOXNEWS,26,Facemask
2021-05-14,MSNBC,33,Facemask
2021-05-15,KNTV,2,Facemask
2021-05-15,CNN,22,Facemask
2021-05-15,FOXNEWS,1,Facemask
2021-05-15,BBCNEWS,6,Facemask
2021-05-15,MSNBC,10,Facemask
2021-05-16,CNN,8,Facemask
2021-05-16,MSNBC,2,Facemask
2021-05-17,FOXNEWS,70,Facemask
2021-05-17,MSNBC,7,Facemask
2021-05-17,CNN,3,Facemask
2021-05-18,CNN,43,Facemask
2021-05-18,FOXNEWS,26,Facemask
2021-05-18,BBCNEWS,10,Facemask
2021-05-18,KPIX,1,Facemask
2021-05-18,MSNBC,60,Facemask
2021-05-19,FOXNEWS,610,Facemask
2021-05-19,MSNBC,53,Facemask
2021-05-19,BBCNEWS,7,Facemask
2021-05-19,CNN,19,Facemask
2021-05-20,FOXNEWS,3,Facemask
2021-05-21,CNN,2,Facemask
2021-05-22,CNN,7,Facemask
2021-05-22,BBCNEWS,3,Facemask
2021-05-22,MSNBC,17,Facemask
2021-05-22,FOXNEWS,56,Facemask
2021-05-23,CNN,8,Facemask
2021-05-23,KPIX,20,Facemask
2021-05-24,MSNBC,30,Facemask
2021-05-24,CNN,1,Facemask
2021-05-25,BBCNEWS,4,Facemask
2021-05-25,CNN,9,Facemask
2021-05-25,MSNBC,23,Facemask
2021-05-26,BBCNEWS,2,Facemask
2021-05-26,FOXNEWS,13,Facemask
2021-05-26,MSNBC,31,Facemask
2021-05-26,CNN,40,Facemask
2021-05-27,MSNBC,6,Facemask
2021-05-28,MSNBC,10,Facemask
2021-05-28,BBCNEWS,19,Facemask
2021-05-28,FOXNEWS,4,Facemask
2021-05-29,MSNBC,3,Facemask
2021-05-29,BBCNEWS,5,Facemask
2021-05-30,CNN,20,Facemask
2021-05-30,FOXNEWS,12,Facemask
2021-05-30,MSNBC,6,Facemask
2021-05-31,MSNBC,19,Facemask
2021-05-31,BBCNEWS,4,Facemask
2021-06-02,CNN,1,Facemask
2021-06-03,KPIX,1,Facemask
2021-06-03,CNN,2,Facemask
2021-06-04,MSNBC,1,Facemask
2021-06-05,KNTV,3,Facemask
2021-06-05,CNN,5,Facemask
2021-06-05,MSNBC,1,Facemask
2021-06-06,CNN,8,Facemask
2021-06-07,MSNBC,3,Facemask
2021-06-07,BBCNEWS,12,Facemask
2021-06-08,CNN,5,Facemask
2021-06-08,FOXNEWS,18,Facemask
2021-06-09,MSNBC,1,Facemask
2021-06-09,CNN,1,Facemask
2021-06-10,MSNBC,5,Facemask
2021-06-10,CNN,1,Facemask
2021-06-11,BBCNEWS,6,Facemask
2021-06-12,CNN,2,Facemask
2021-06-12,MSNBC,1,Facemask
2021-06-13,MSNBC,1,Facemask
2021-06-14,CNN,5,Facemask
2021-06-14,BBCNEWS,2,Facemask
2021-06-16,MSNBC,1,Facemask
2021-06-16,CNN,5,Facemask
2021-06-17,CNN,272,Facemask
2021-06-17,FOXNEWS,151,Facemask
2021-06-18,FOXNEWS,2,Facemask
2021-06-19,CNN,1,Facemask
2021-06-19,MSNBC,1,Facemask
2021-06-19,BBCNEWS,42,Facemask
2021-06-20,CNN,3,Facemask
2021-06-20,FOXNEWS,19,Facemask
2021-06-21,CNN,1,Facemask
2021-06-21,MSNBC,1,Facemask
2021-06-22,CNN,50,Facemask
2021-06-22,MSNBC,6,Facemask
2021-06-23,MSNBC,1,Facemask
2021-06-24,BBCNEWS,8,Facemask
2021-06-24,MSNBC,1,Facemask
2021-06-24,CNN,1,Facemask
2021-06-25,MSNBC,2,Facemask
2021-06-25,FOXNEWS,15,Facemask
2021-06-25,CNN,1,Facemask
2021-06-26,BBCNEWS,15,Facemask
2021-06-27,CNN,65,Facemask
2021-06-27,MSNBC,1,Facemask
2021-06-28,CNN,1,Facemask
2021-06-29,FOXNEWS,3,Facemask
2021-06-29,BBCNEWS,754,Facemask
2021-06-29,CNN,3,Facemask
2021-06-30,KPIX,3,Facemask
2021-06-30,CNN,5,Facemask
2021-06-30,BBCNEWS,36,Facemask
2021-06-30,MSNBC,3,Facemask
2021-07-01,FOXNEWS,4,Facemask
2021-07-01,CNN,6,Facemask
2021-07-01,MSNBC,31,Facemask
2021-07-02,CNN,1,Facemask
2021-07-02,FOXNEWS,12,Facemask
2021-07-03,CNN,20,Facemask
2021-07-03,MSNBC,41,Facemask
2021-07-03,BBCNEWS,64,Facemask
2021-07-04,MSNBC,26,Facemask
2021-07-04,BBCNEWS,293,Facemask
2021-07-04,CNN,85,Facemask
2021-07-05,MSNBC,5,Facemask
2021-07-05,BBCNEWS,2853,Facemask
2021-07-05,KNTV,3,Facemask
2021-07-05,CNN,20,Facemask
2021-07-05,FOXNEWS,64,Facemask
2021-07-06,BBCNEWS,2285,Facemask
2021-07-07,FOXNEWS,2,Facemask
2021-07-07,MSNBC,92,Facemask
2021-07-07,CNN,2,Facemask
2021-07-07,BBCNEWS,177,Facemask
2021-07-08,FOXNEWS,34,Facemask
2021-07-08,MSNBC,2,Facemask
2021-07-08,BBCNEWS,16,Facemask
2021-07-09,CNN,10,Facemask
2021-07-09,MSNBC,1,Facemask
2021-07-10,CNN,20,Facemask
2021-07-10,MSNBC,1,Facemask
2021-07-10,BBCNEWS,43,Facemask
2021-07-10,FOXNEWS,300,Facemask
2021-07-11,MSNBC,1,Facemask
2021-07-11,CNN,29,Facemask
2021-07-12,MSNBC,1,Facemask
2021-07-12,BBCNEWS,220,Facemask
2021-07-13,BBCNEWS,1722,Facemask
2021-07-13,MSNBC,1,Facemask
2021-07-13,CNN,18,Facemask
2021-07-14,CNN,8,Facemask
2021-07-14,MSNBC,1,Facemask
2021-07-14,BBCNEWS,6427,Facemask
2021-07-14,FOXNEWS,22,Facemask
2021-07-15,FOXNEWS,22,Facemask
2021-07-15,BBCNEWS,1180,Facemask
2021-07-15,MSNBC,1,Facemask
2021-07-16,CNN,4,Facemask
2021-07-16,BBCNEWS,2,Facemask
2021-07-16,MSNBC,11,Facemask
2021-07-17,KGO,1,Facemask
2021-07-17,KNTV,1,Facemask
2021-07-17,BBCNEWS,40,Facemask
2021-07-17,CNN,8,Facemask
2021-07-17,MSNBC,20,Facemask
2021-07-18,CNN,63,Facemask
2021-07-18,BBCNEWS,763,Facemask
2021-07-18,KNTV,7,Facemask
2021-07-19,MSNBC,9,Facemask
2021-07-19,CNN,88,Facemask
2021-07-19,BBCNEWS,128,Facemask
2021-07-20,FOXNEWS,15,Facemask
2021-07-20,BBCNEWS,26,Facemask
2021-07-20,KPIX,2,Facemask
2021-07-20,KNTV,4,Facemask
2021-07-20,MSNBC,31,Facemask
2021-07-21,MSNBC,40,Facemask
2021-07-22,MSNBC,12,Facemask
2021-07-22,FOXNEWS,4,Facemask
2021-07-22,CNN,51,Facemask
2021-07-23,BBCNEWS,5,Facemask
2021-07-23,MSNBC,20,Facemask
2021-07-23,FOXNEWS,12,Facemask
2021-07-24,MSNBC,16,Facemask
2021-07-24,FOXNEWS,2,Facemask
2021-07-24,KNTV,2,Facemask
2021-07-24,CNN,1,Facemask
2021-07-25,MSNBC,48,Facemask
2021-07-25,CNN,6,Facemask
2021-07-25,FOXNEWS,39,Facemask
2021-07-26,MSNBC,50,Facemask
2021-07-26,FOXNEWS,18,Facemask
2021-07-26,CNN,32,Facemask
2021-07-27,CNN,39,Facemask
2021-07-27,FOXNEWS,140,Facemask
2021-07-27,MSNBC,49,Facemask
2021-07-27,KGO,9,Facemask
2021-07-27,KNTV,4,Facemask
2021-07-27,BBCNEWS,1,Facemask
2021-07-28,BBCNEWS,52,Facemask
2021-07-28,MSNBC,132,Facemask
2021-07-28,FOXNEWS,23,Facemask
2021-07-28,CNN,9,Facemask
2021-07-29,FOXNEWS,12,Facemask
2021-07-29,CNN,34,Facemask
2021-07-29,BBCNEWS,93,Facemask
2021-07-29,MSNBC,88,Facemask
2021-07-30,MSNBC,99,Facemask
2021-07-30,BBCNEWS,152,Facemask
2021-07-30,FOXNEWS,63,Facemask
2021-07-30,CNN,19,Facemask
2021-07-31,CNN,100,Facemask
2021-07-31,KNTV,2,Facemask
2021-07-31,MSNBC,133,Facemask
2021-08-01,FOXNEWS,32,Facemask
2021-08-01,MSNBC,155,Facemask
2021-08-01,CNN,24,Facemask
2021-08-01,KGO,7,Facemask
2021-08-02,FOXNEWS,45,Facemask
2021-08-02,CNN,3,Facemask
2021-08-02,MSNBC,80,Facemask
2021-08-03,FOXNEWS,8,Facemask
2021-08-03,CNN,107,Facemask
2021-08-03,MSNBC,36,Facemask
2021-08-03,KGO,8,Facemask
2021-08-03,BBCNEWS,84,Facemask
2021-08-04,CNN,21,Facemask
2021-08-04,KGO,3,Facemask
2021-08-04,MSNBC,26,Facemask
2021-08-04,FOXNEWS,29,Facemask
2021-08-05,KGO,1,Facemask
2021-08-05,BBCNEWS,6,Facemask
2021-08-05,CNN,58,Facemask
2021-08-05,FOXNEWS,2,Facemask
2021-08-05,MSNBC,112,Facemask
2021-08-06,MSNBC,128,Facemask
2021-08-06,BBCNEWS,8,Facemask
2021-08-06,FOXNEWS,5,Facemask
2021-08-06,CNN,8,Facemask
2021-08-07,MSNBC,58,Facemask
2021-08-07,FOXNEWS,64,Facemask
2021-08-07,BBCNEWS,49,Facemask
2021-08-07,CNN,6,Facemask
2021-08-08,KNTV,1,Facemask
2021-08-08,MSNBC,24,Facemask
2021-08-08,FOXNEWS,64,Facemask
2021-08-08,CNN,37,Facemask
2021-08-08,BBCNEWS,6,Facemask
2021-08-09,MSNBC,17,Facemask
2021-08-09,FOXNEWS,30,Facemask
2021-08-09,CNN,8,Facemask
2021-08-09,BBCNEWS,8,Facemask
2021-08-10,FOXNEWS,36,Facemask
2021-08-10,CNN,27,Facemask
2021-08-10,MSNBC,11,Facemask
2021-08-10,BBCNEWS,2,Facemask
2021-08-11,FOXNEWS,5,Facemask
2021-08-11,CNN,39,Facemask
2021-08-12,MSNBC,16,Facemask
2021-08-12,FOXNEWS,4,Facemask
2021-08-12,CNN,45,Facemask
2021-08-13,CNN,26,Facemask
2021-08-13,KPIX,10,Facemask
2021-08-13,FOXNEWS,2,Facemask
2021-08-13,MSNBC,41,Facemask
2021-08-14,MSNBC,30,Facemask
2021-08-14,CNN,214,Facemask
2021-08-14,FOXNEWS,30,Facemask
2021-08-15,FOXNEWS,33,Facemask
2021-08-15,CNN,39,Facemask
2021-08-15,MSNBC,1,Facemask
2021-08-16,MSNBC,51,Facemask
2021-08-16,CNN,1,Facemask
2021-08-16,FOXNEWS,32,Facemask
2021-08-16,KGO,2,Facemask
2021-08-17,FOXNEWS,2,Facemask
2021-08-17,MSNBC,57,Facemask
2021-08-17,CNN,36,Facemask
2021-08-18,CNN,7,Facemask
2021-08-18,FOXNEWS,3,Facemask
2021-08-18,KNTV,2,Facemask
2021-08-18,MSNBC,264,Facemask
2021-08-19,FOXNEWS,3,Facemask
2021-08-19,MSNBC,11,Facemask
2021-08-19,KPIX,3,Facemask
2021-08-19,CNN,7,Facemask
2021-08-20,MSNBC,77,Facemask
2021-08-20,CNN,10,Facemask
2021-08-21,MSNBC,27,Facemask
2021-08-21,CNN,39,Facemask
2021-08-22,FOXNEWS,33,Facemask
2021-08-22,MSNBC,28,Facemask
2021-08-22,CNN,9,Facemask
2021-08-23,KNTV,8,Facemask
2021-08-23,MSNBC,10,Facemask
2021-08-23,CNN,9,Facemask
2021-08-24,MSNBC,11,Facemask
2021-08-24,FOXNEWS,36,Facemask
2021-08-24,CNN,74,Facemask
2021-08-24,KNTV,2,Facemask
2021-08-25,CNN,81,Facemask
2021-08-25,KNTV,3,Facemask
2021-08-25,MSNBC,7,Facemask
2021-08-25,FOXNEWS,1,Facemask
2021-08-26,CNN,124,Facemask
2021-08-26,MSNBC,6,Facemask
2021-08-26,KPIX,2,Facemask
2021-08-27,CNN,112,Facemask
2021-08-27,MSNBC,6,Facemask
2021-08-28,CNN,112,Facemask
2021-08-28,MSNBC,14,Facemask
2021-08-29,FOXNEWS,31,Facemask
2021-08-29,MSNBC,12,Facemask
2021-08-29,CNN,32,Facemask
2021-08-30,CNN,61,Facemask
2021-08-30,MSNBC,4,Facemask
2021-08-30,KPIX,32,Facemask
2021-08-31,MSNBC,7,Facemask
2021-08-31,FOXNEWS,33,Facemask
2021-08-31,CNN,61,Facemask
2021-08-31,KPIX,3,Facemask
2021-09-01,MSNBC,7,Facemask
2021-09-01,CNN,22,Facemask
2021-09-01,FOXNEWS,15,Facemask
2021-09-02,FOXNEWS,6,Facemask
2021-09-02,BBCNEWS,24,Facemask
2021-09-02,CNN,53,Facemask
2021-09-03,FOXNEWS,33,Facemask
2021-09-03,CNN,21,Facemask
2021-09-03,KPIX,1,Facemask
2021-09-03,MSNBC,79,Facemask
2021-09-04,MSNBC,9,Facemask
2021-09-04,BBCNEWS,11,Facemask
2021-09-04,CNN,52,Facemask
2021-09-04,FOXNEWS,1,Facemask
2021-09-05,FOXNEWS,32,Facemask
2021-09-05,BBCNEWS,25,Facemask
2021-09-06,BBCNEWS,294,Facemask
2021-09-06,MSNBC,33,Facemask
2021-09-06,FOXNEWS,65,Facemask
2021-09-06,CNN,15,Facemask
2021-09-07,MSNBC,33,Facemask
2021-09-07,FOXNEWS,2,Facemask
2021-09-07,BBCNEWS,6,Facemask
2021-09-07,CNN,3,Facemask
2021-09-08,MSNBC,1,Facemask
2021-09-08,KGO,4,Facemask
2021-09-08,CNN,11,Facemask
2021-09-08,BBCNEWS,7,Facemask
2021-09-09,CNN,90,Facemask
2021-09-09,MSNBC,77,Facemask
2021-09-09,FOXNEWS,10,Facemask
2021-09-10,FOXNEWS,3,Facemask
2021-09-10,BBCNEWS,8,Facemask
2021-09-10,CNN,104,Facemask
2021-09-11,BBCNEWS,9,Facemask
2021-09-12,KNTV,1,Facemask
2021-09-12,MSNBC,2,Facemask
2021-09-12,CNN,69,Facemask
2021-09-13,KGO,2,Facemask
2021-09-13,MSNBC,7,Facemask
2021-09-13,CNN,3,Facemask
2021-09-13,FOXNEWS,33,Facemask
2021-09-14,BBCNEWS,512,Facemask
2021-09-14,CNN,7,Facemask
2021-09-15,MSNBC,1,Facemask
2021-09-15,CNN,5,Facemask
2021-09-15,FOXNEWS,27,Facemask
2021-09-15,BBCNEWS,32,Facemask
2021-09-16,MSNBC,1,Facemask
2021-09-16,CNN,25,Facemask
2021-09-17,BBCNEWS,2,Facemask
2021-09-17,MSNBC,1,Facemask
2021-09-17,CNN,1,Facemask
2021-09-18,FOXNEWS,2,Facemask
2021-09-18,BBCNEWS,5,Facemask
2021-09-19,MSNBC,1,Facemask
2021-09-20,BBCNEWS,3,Facemask
2021-09-20,CNN,29,Facemask
2021-09-20,MSNBC,208,Facemask
2021-09-21,CNN,1,Facemask
2021-09-21,MSNBC,1,Facemask
2021-09-22,FOXNEWS,16,Facemask
2021-09-22,BBCNEWS,8,Facemask
2021-09-22,CNN,7,Facemask
2021-09-23,MSNBC,3,Facemask
2021-09-24,MSNBC,4,Facemask
2021-09-24,CNN,2,Facemask
2021-09-25,MSNBC,1,Facemask
2021-09-25,FOXNEWS,1,Facemask
2021-09-25,CNN,4,Facemask
2021-09-26,FOXNEWS,17,Facemask
2021-09-26,KPIX,1,Facemask
2021-09-26,MSNBC,1,Facemask
2021-09-26,CNN,3,Facemask
2021-09-27,FOXNEWS,2,Facemask
2021-09-28,MSNBC,1,Facemask
2021-09-28,FOXNEWS,36,Facemask
2021-09-28,CNN,1,Facemask
2021-09-29,CNN,19,Facemask
2021-09-29,FOXNEWS,3,Facemask
2021-09-29,MSNBC,7,Facemask
2021-09-30,FOXNEWS,15,Facemask
2021-09-30,MSNBC,36,Facemask
2021-09-30,BBCNEWS,3,Facemask
2021-10-01,CNN,3,Facemask
2021-10-01,MSNBC,15,Facemask
2021-10-02,MSNBC,19,Facemask
2021-10-02,CNN,16,Facemask
2021-10-02,BBCNEWS,5,Facemask
2021-10-03,MSNBC,35,Facemask
2021-10-03,CNN,39,Facemask
2021-10-04,MSNBC,4,Facemask
2021-10-04,FOXNEWS,32,Facemask
2021-10-04,KPIX,32,Facemask
2021-10-05,CNN,1,Facemask
2021-10-05,FOXNEWS,33,Facemask
2021-10-05,MSNBC,11,Facemask
2021-10-06,CNN,2,Facemask
2021-10-07,FOXNEWS,1,Facemask
2021-10-07,MSNBC,2,Facemask
2021-10-08,CNN,1,Facemask
2021-10-09,FOXNEWS,3,Facemask
2021-10-09,CNN,33,Facemask
2021-10-09,MSNBC,1,Facemask
2021-10-10,KNTV,4,Facemask
2021-10-10,CNN,1,Facemask
2021-10-11,FOXNEWS,1,Facemask
2021-10-11,MSNBC,5,Facemask
2021-10-12,FOXNEWS,5,Facemask
2021-10-12,MSNBC,7,Facemask
2021-10-13,MSNBC,1,Facemask
2021-10-13,FOXNEWS,5,Facemask
2021-10-13,CNN,2,Facemask
2021-10-14,MSNBC,36,Facemask
2021-10-14,FOXNEWS,9,Facemask
2021-10-14,CNN,12,Facemask
2021-10-15,CNN,1,Facemask
2021-10-15,FOXNEWS,10,Facemask
2021-10-16,KNTV,1,Facemask
2021-10-16,MSNBC,1,Facemask
2021-10-16,FOXNEWS,2,Facemask
2021-10-17,MSNBC,2,Facemask
2021-10-17,BBCNEWS,21,Facemask
2021-10-18,KPIX,32,Facemask
2021-10-18,MSNBC,1,Facemask
2021-10-19,CNN,1,Facemask
2021-10-20,BBCNEWS,209,Facemask
2021-10-20,FOXNEWS,3,Facemask
2021-10-20,CNN,1,Facemask
2021-10-21,BBCNEWS,113,Facemask
2021-10-21,FOXNEWS,11,Facemask
2021-10-21,CNN,2,Facemask
2021-10-22,CNN,1,Facemask
2021-10-22,BBCNEWS,14,Facemask
2021-10-22,MSNBC,1,Facemask
2021-10-23,FOXNEWS,6,Facemask
2021-10-23,MSNBC,2,Facemask
2021-10-23,CNN,2,Facemask
2021-10-23,BBCNEWS,8,Facemask
2021-10-24,FOXNEWS,35,Facemask
2021-10-26,MSNBC,1,Facemask
2021-10-26,CNN,24,Facemask
2021-10-26,FOXNEWS,1,Facemask
2021-10-27,MSNBC,1,Facemask
2021-10-27,BBCNEWS,4,Facemask
2021-10-28,MSNBC,33,Facemask
2021-10-30,MSNBC,1,Facemask
2021-10-30,CNN,1,Facemask
2021-10-31,KPIX,33,Facemask
2021-11-01,MSNBC,1,Facemask
2021-11-02,FOXNEWS,54,Facemask
2021-11-02,CNN,40,Facemask
2021-11-03,BBCNEWS,4,Facemask
2021-11-04,CNN,7,Facemask
2021-11-04,KPIX,8,Facemask
2021-11-04,BBCNEWS,20,Facemask
2021-11-05,CNN,3,Facemask
2021-11-06,FOXNEWS,1,Facemask
2021-11-06,CNN,5,Facemask
2021-11-07,KPIX,31,Facemask
2021-11-07,MSNBC,6,Facemask
2021-11-07,CNN,52,Facemask
2021-11-08,MSNBC,1,Facemask
2021-11-09,CNN,1,Facemask
2021-11-09,MSNBC,3,Facemask
2021-11-09,BBCNEWS,11,Facemask
2021-11-10,CNN,3,Facemask
2021-11-11,FOXNEWS,11,Facemask
2021-11-12,CNN,2,Facemask
2021-11-12,MSNBC,6,Facemask
2021-11-12,BBCNEWS,2,Facemask
2021-11-13,MSNBC,1,Facemask
2021-11-13,CNN,10,Facemask
2021-11-14,MSNBC,2,Facemask
2021-11-14,CNN,71,Facemask
2021-11-15,CNN,1,Facemask
2021-11-16,MSNBC,8,Facemask
2021-11-16,CNN,19,Facemask
2021-11-17,CNN,11,Facemask
2021-11-17,BBCNEWS,32,Facemask
2021-11-18,CNN,1,Facemask
2021-11-19,CNN,1,Facemask
2021-11-21,CNN,9,Facemask
2021-11-22,BBCNEWS,23,Facemask
2021-11-23,FOXNEWS,20,Facemask
2021-11-23,BBCNEWS,7,Facemask
2021-11-24,BBCNEWS,5,Facemask
2021-11-24,FOXNEWS,1,Facemask
2021-11-24,CNN,7,Facemask
2021-11-24,MSNBC,2,Facemask
2021-11-25,MSNBC,6,Facemask
2021-11-25,CNN,6,Facemask
2021-11-26,CNN,27,Facemask
2021-11-26,FOXNEWS,20,Facemask
2021-11-26,KPIX,32,Facemask
2021-11-26,MSNBC,3,Facemask
2021-11-27,FOXNEWS,10,Facemask
2021-11-27,CNN,7,Facemask
2021-11-28,BBCNEWS,271,Facemask
2021-11-28,FOXNEWS,18,Facemask
2021-11-29,CNN,2,Facemask
2021-11-29,KGO,2,Facemask
2021-11-29,MSNBC,23,Facemask
2021-11-29,BBCNEWS,28,Facemask
2021-11-29,KPIX,1,Facemask
2021-11-29,FOXNEWS,2,Facemask
2021-11-30,BBCNEWS,100,Facemask
2021-11-30,CNN,40,Facemask
2021-11-30,KNTV,3,Facemask
2021-12-01,MSNBC,32,Facemask
2021-12-01,BBCNEWS,33,Facemask
2021-12-01,FOXNEWS,2,Facemask
2021-12-01,CNN,3,Facemask
2021-12-02,FOXNEWS,1,Facemask
2021-12-02,BBCNEWS,2,Facemask
2021-12-02,CNN,3,Facemask
2021-12-04,MSNBC,1,Facemask
2021-12-04,CNN,1,Facemask
2021-12-04,FOXNEWS,6,Facemask
2021-12-05,CNN,18,Facemask
2021-12-05,FOXNEWS,30,Facemask
2021-12-05,MSNBC,30,Facemask
2021-12-06,CNN,1,Facemask
2021-12-06,MSNBC,25,Facemask
2021-12-07,FOXNEWS,6,Facemask
2021-12-07,CNN,2,Facemask
2021-12-08,FOXNEWS,9,Facemask
2021-12-08,BBCNEWS,379,Facemask
2021-12-09,MSNBC,5,Facemask
2021-12-09,BBCNEWS,57,Facemask
2021-12-10,BBCNEWS,272,Facemask
2021-12-10,KGO,1,Facemask
2021-12-11,FOXNEWS,3,Facemask
2021-12-11,BBCNEWS,4,Facemask
2021-12-13,FOXNEWS,12,Facemask
2021-12-13,MSNBC,6,Facemask
2021-12-13,KGO,1,Facemask
2021-12-13,BBCNEWS,55,Facemask
2021-12-13,KPIX,33,Facemask
2021-12-14,FOXNEWS,52,Facemask
2021-12-14,BBCNEWS,1348,Facemask
2021-12-15,FOXNEWS,7,Facemask
2021-12-15,BBCNEWS,173,Facemask
2021-12-16,FOXNEWS,23,Facemask
2021-12-16,BBCNEWS,2,Facemask
2021-12-17,CNN,13,Facemask
2021-12-18,CNN,83,Facemask
2021-12-18,MSNBC,25,Facemask
2021-12-19,MSNBC,43,Facemask
2021-12-19,FOXNEWS,185,Facemask
2021-12-20,BBCNEWS,12,Facemask
2021-12-20,CNN,34,Facemask
2021-12-20,FOXNEWS,52,Facemask
2021-12-20,MSNBC,49,Facemask
2021-12-21,CNN,4,Facemask
2021-12-21,BBCNEWS,22,Facemask
2021-12-21,MSNBC,20,Facemask
2021-12-22,FOXNEWS,1,Facemask
2021-12-22,MSNBC,80,Facemask
2021-12-23,CNN,196,Facemask
2021-12-23,MSNBC,45,Facemask
2021-12-23,FOXNEWS,5,Facemask
2021-12-24,FOXNEWS,33,Facemask
2021-12-24,CNN,1,Facemask
2021-12-24,MSNBC,19,Facemask
2021-12-24,BBCNEWS,26,Facemask
2021-12-25,BBCNEWS,10,Facemask
2021-12-25,CNN,1,Facemask
2021-12-25,FOXNEWS,76,Facemask
2021-12-25,MSNBC,54,Facemask
2021-12-26,FOXNEWS,67,Facemask
2021-12-26,MSNBC,26,Facemask
2021-12-26,BBCNEWS,29,Facemask
2021-12-27,KGO,1,Facemask
2021-12-27,KPIX,31,Facemask
2021-12-27,FOXNEWS,64,Facemask
2021-12-27,CNN,5,Facemask
2021-12-27,MSNBC,40,Facemask
2021-12-28,CNN,22,Facemask
2021-12-28,FOXNEWS,14,Facemask
2021-12-29,KGO,2,Facemask
2021-12-30,KGO,4,Facemask
2021-12-30,MSNBC,121,Facemask
2021-12-30,FOXNEWS,8,Facemask
2021-12-30,BBCNEWS,5,Facemask
2021-12-31,CNN,2,Facemask
2021-12-31,BBCNEWS,9,Facemask
2022-01-01,CNN,3,Facemask
2022-01-01,FOXNEWS,49,Facemask
2022-01-01,MSNBC,82,Facemask
2022-01-01,BBCNEWS,142,Facemask
2022-01-02,KNTV,3,Facemask
2022-01-02,KPIX,2,Facemask
2022-01-02,BBCNEWS,3376,Facemask
2022-01-02,FOXNEWS,59,Facemask
2022-01-02,MSNBC,74,Facemask
2022-01-03,FOXNEWS,46,Facemask
2022-01-03,MSNBC,24,Facemask
2022-01-03,CNN,7,Facemask
2022-01-04,MSNBC,105,Facemask
2022-01-04,FOXNEWS,3,Facemask
2022-01-04,CNN,22,Facemask
2022-01-05,CNN,47,Facemask
2022-01-05,BBCNEWS,209,Facemask
2022-01-05,MSNBC,39,Facemask
2022-01-05,KGO,9,Facemask
2022-01-06,MSNBC,23,Facemask
2022-01-06,CNN,17,Facemask
2022-01-06,FOXNEWS,49,Facemask
2022-01-07,MSNBC,6,Facemask
2022-01-07,FOXNEWS,63,Facemask
2022-01-07,CNN,26,Facemask
2022-01-08,MSNBC,13,Facemask
2022-01-08,CNN,35,Facemask
2022-01-08,FOXNEWS,157,Facemask
2022-01-09,FOXNEWS,36,Facemask
2022-01-09,CNN,13,Facemask
2022-01-09,BBCNEWS,2,Facemask
2022-01-09,MSNBC,50,Facemask
2022-01-10,FOXNEWS,9,Facemask
2022-01-10,MSNBC,83,Facemask
2022-01-10,BBCNEWS,1,Facemask
2022-01-10,CNN,108,Facemask
2022-01-11,MSNBC,7,Facemask
2022-01-11,CNN,98,Facemask
2022-01-11,KNTV,3,Facemask
2022-01-12,FOXNEWS,48,Facemask
2022-01-12,CNN,11,Facemask
2022-01-12,MSNBC,135,Facemask
2022-01-12,KPIX,1,Facemask
2022-01-13,CNN,22,Facemask
2022-01-13,FOXNEWS,76,Facemask
2022-01-13,MSNBC,83,Facemask
2022-01-14,KPIX,1,Facemask
2022-01-14,CNN,214,Facemask
2022-01-14,MSNBC,92,Facemask
2022-01-14,FOXNEWS,111,Facemask
2022-01-15,CNN,8,Facemask
2022-01-15,KNTV,2,Facemask
2022-01-15,MSNBC,1,Facemask
2022-01-15,FOXNEWS,100,Facemask
2022-01-16,FOXNEWS,64,Facemask
2022-01-16,CNN,21,Facemask
2022-01-16,MSNBC,10,Facemask
2022-01-17,MSNBC,4,Facemask
2022-01-17,FOXNEWS,32,Facemask
2022-01-17,CNN,12,Facemask
2022-01-18,BBCNEWS,6,Facemask
2022-01-18,CNN,9,Facemask
2022-01-19,FOXNEWS,30,Facemask
2022-01-19,BBCNEWS,496,Facemask
2022-01-19,MSNBC,8,Facemask
2022-01-19,CNN,46,Facemask
2022-01-20,BBCNEWS,936,Facemask
2022-01-20,MSNBC,86,Facemask
2022-01-20,FOXNEWS,21,Facemask
2022-01-21,FOXNEWS,77,Facemask
2022-01-21,KGO,8,Facemask
2022-01-21,CNN,113,Facemask
2022-01-21,MSNBC,65,Facemask
2022-01-21,KPIX,6,Facemask
2022-01-21,BBCNEWS,14,Facemask
2022-01-22,CNN,123,Facemask
2022-01-22,MSNBC,31,Facemask
2022-01-23,CNN,1,Facemask
2022-01-23,MSNBC,16,Facemask
2022-01-23,KNTV,1,Facemask
2022-01-23,FOXNEWS,5,Facemask
2022-01-24,CNN,49,Facemask
2022-01-24,MSNBC,107,Facemask
2022-01-25,CNN,3,Facemask
2022-01-25,MSNBC,71,Facemask
2022-01-25,FOXNEWS,26,Facemask
2022-01-26,CNN,35,Facemask
2022-01-26,BBCNEWS,27,Facemask
2022-01-26,MSNBC,12,Facemask
2022-01-27,MSNBC,13,Facemask
2022-01-27,BBCNEWS,2983,Facemask
2022-01-27,CNN,1,Facemask
2022-01-27,FOXNEWS,15,Facemask
2022-01-28,MSNBC,1,Facemask
2022-01-28,CNN,178,Facemask
2022-01-28,BBCNEWS,1352,Facemask
2022-01-29,MSNBC,63,Facemask
2022-01-29,CNN,7,Facemask
2022-01-29,KNTV,2,Facemask
2022-01-30,MSNBC,11,Facemask
2022-01-31,CNN,3,Facemask
2022-02-01,BBCNEWS,2,Facemask
2022-02-01,FOXNEWS,6,Facemask
2022-02-01,CNN,2,Facemask
2022-02-01,MSNBC,35,Facemask
2022-02-02,MSNBC,3,Facemask
2022-02-02,CNN,48,Facemask
2022-02-03,CNN,8,Facemask
2022-02-03,MSNBC,11,Facemask
2022-02-04,MSNBC,13,Facemask
2022-02-04,CNN,18,Facemask
2022-02-05,CNN,4,Facemask
2022-02-05,MSNBC,5,Facemask
2022-02-06,CNN,11,Facemask
2022-02-06,MSNBC,1,Facemask
2022-02-07,MSNBC,1,Facemask
2022-02-08,CNN,35,Facemask
2022-02-08,MSNBC,86,Facemask
2022-02-08,KNTV,1,Facemask
2022-02-08,KGO,1,Facemask
2022-02-08,FOXNEWS,26,Facemask
2022-02-08,KPIX,5,Facemask
2022-02-09,KGO,4,Facemask
2022-02-09,FOXNEWS,69,Facemask
2022-02-09,KNTV,5,Facemask
2022-02-09,MSNBC,92,Facemask
2022-02-09,CNN,54,Facemask
2022-02-10,FOXNEWS,14,Facemask
2022-02-10,MSNBC,39,Facemask
2022-02-10,CNN,4,Facemask
2022-02-10,BBCNEWS,1696,Facemask
2022-02-11,MSNBC,1,Facemask
2022-02-11,FOXNEWS,5,Facemask
2022-02-11,BBCNEWS,1025,Facemask
2022-02-11,CNN,23,Facemask
2022-02-12,FOXNEWS,6,Facemask
2022-02-12,CNN,47,Facemask
2022-02-12,MSNBC,22,Facemask
2022-02-13,CNN,69,Facemask
2022-02-13,FOXNEWS,10,Facemask
2022-02-13,MSNBC,2,Facemask
2022-02-14,MSNBC,6,Facemask
2022-02-14,CNN,30,Facemask
2022-02-14,FOXNEWS,11,Facemask
2022-02-15,FOXNEWS,2,Facemask
2022-02-15,KGO,3,Facemask
2022-02-15,BBCNEWS,11,Facemask
2022-02-15,CNN,5,Facemask
2022-02-15,MSNBC,8,Facemask
2022-02-16,MSNBC,3,Facemask
2022-02-16,CNN,31,Facemask
2022-02-16,KNTV,6,Facemask
2022-02-16,FOXNEWS,6,Facemask
2022-02-17,MSNBC,17,Facemask
2022-02-17,KGO,4,Facemask
2022-02-17,CNN,17,Facemask
2022-02-18,MSNBC,2,Facemask
2022-02-18,CNN,8,Facemask
2022-02-18,FOXNEWS,3,Facemask
2022-02-19,FOXNEWS,41,Facemask
2022-02-19,MSNBC,2,Facemask
2022-02-19,CNN,75,Facemask
2022-02-20,BBCNEWS,4,Facemask
2022-02-20,MSNBC,39,Facemask
2022-02-20,CNN,40,Facemask
2022-02-21,CNN,4,Facemask
2022-02-21,MSNBC,6,Facemask
2022-02-21,BBCNEWS,14,Facemask
2022-02-22,KNTV,1,Facemask
2022-02-22,BBCNEWS,216,Facemask
2022-02-22,CNN,13,Facemask
2022-02-22,FOXNEWS,4,Facemask
2022-02-23,MSNBC,40,Facemask
2022-02-23,CNN,3,Facemask
2022-02-24,MSNBC,33,Facemask
2022-02-24,CNN,2,Facemask
2022-02-24,BBCNEWS,8,Facemask
2022-02-25,KGO,2,Facemask
2022-02-25,CNN,13,Facemask
2022-02-25,MSNBC,17,Facemask
2022-02-25,FOXNEWS,3,Facemask
2022-02-26,MSNBC,33,Facemask
2022-02-26,CNN,3,Facemask
2022-02-27,CNN,11,Facemask
2022-02-27,KGO,4,Facemask
2022-02-27,MSNBC,69,Facemask
2022-02-28,CNN,3,Facemask
2022-02-28,MSNBC,34,Facemask
2022-03-01,CNN,9,Facemask